1,"https://cdn.myanimelist.net/images/anime/4/19644.jpg"
5,"https://cdn.myanimelist.net/images/anime/1439/93480.jpg"
6,"https://cdn.myanimelist.net/images/anime/7/20310.jpg"
7,"https://cdn.myanimelist.net/images/anime/10/19969.jpg"
8,"https://cdn.myanimelist.net/images/anime/7/21569.jpg"
15,"https://cdn.myanimelist.net/images/anime/1079/133529.jpg"
16,"https://cdn.myanimelist.net/images/anime/1301/133577.jpg"
17,"https://cdn.myanimelist.net/images/anime/12/49655.jpg"
18,"https://cdn.myanimelist.net/images/anime/9/10521.jpg"
19,"https://cdn.myanimelist.net/images/anime/10/18793.jpg"
20,"https://cdn.myanimelist.net/images/anime/13/17405.jpg"
21,"https://cdn.myanimelist.net/images/anime/6/73245.jpg"
22,"https://cdn.myanimelist.net/images/anime/6/21624.jpg"
23,"https://cdn.myanimelist.net/images/anime/1146/124743.jpg"
24,"https://cdn.myanimelist.net/images/anime/4/75488.jpg"
25,"https://cdn.myanimelist.net/images/anime/6/75536.jpg"
26,"https://cdn.myanimelist.net/images/anime/1027/131977.jpg"
27,"https://cdn.myanimelist.net/images/anime/10/24649.jpg"
28,"https://cdn.myanimelist.net/images/anime/3/76432.jpg"
29,"https://cdn.myanimelist.net/images/anime/13/75740.jpg"
30,"https://cdn.myanimelist.net/images/anime/1314/108941.jpg"
31,"https://cdn.myanimelist.net/images/anime/1993/113122.jpg"
32,"https://cdn.myanimelist.net/images/anime/1404/98182.jpg"
33,"https://cdn.myanimelist.net/images/anime/1384/119988.jpg"
43,"https://cdn.myanimelist.net/images/anime/10/82594.jpg"
44,"https://cdn.myanimelist.net/images/anime/1391/120839.jpg"
45,"https://cdn.myanimelist.net/images/anime/1346/119505.jpg"
46,"https://cdn.myanimelist.net/images/anime/4/47845.jpg"
47,"https://cdn.myanimelist.net/images/anime/1408/114012.jpg"
48,"https://cdn.myanimelist.net/images/anime/1443/94665.jpg"
49,"https://cdn.myanimelist.net/images/anime/11/71215.jpg"
50,"https://cdn.myanimelist.net/images/anime/1976/99376.jpg"
51,"https://cdn.myanimelist.net/images/anime/11/45208.jpg"
52,"https://cdn.myanimelist.net/images/anime/1192/113699.jpg"
53,"https://cdn.myanimelist.net/images/anime/7/10172.jpg"
54,"https://cdn.myanimelist.net/images/anime/9/57231.jpg"
55,"https://cdn.myanimelist.net/images/anime/3/49041.jpg"
56,"https://cdn.myanimelist.net/images/anime/13/19921.jpg"
57,"https://cdn.myanimelist.net/images/anime/11/11636.jpg"
58,"https://cdn.myanimelist.net/images/anime/1/2023.jpg"
59,"https://cdn.myanimelist.net/images/anime/4/24648.jpg"
60,"https://cdn.myanimelist.net/images/anime/13/14141.jpg"
61,"https://cdn.myanimelist.net/images/anime/1126/98904.jpg"
62,"https://cdn.myanimelist.net/images/anime/4/73936.jpg"
63,"https://cdn.myanimelist.net/images/anime/1207/98872.jpg"
64,"https://cdn.myanimelist.net/images/anime/1424/108431.jpg"
65,"https://cdn.myanimelist.net/images/anime/4/10242.jpg"
66,"https://cdn.myanimelist.net/images/anime/1066/117358.jpg"
67,"https://cdn.myanimelist.net/images/anime/1103/133549.jpg"
68,"https://cdn.myanimelist.net/images/anime/1183/133280.jpg"
69,"https://cdn.myanimelist.net/images/anime/1980/103243.jpg"
71,"https://cdn.myanimelist.net/images/anime/2/75259.jpg"
72,"https://cdn.myanimelist.net/images/anime/4/75260.jpg"
73,"https://cdn.myanimelist.net/images/anime/11/75261.jpg"
74,"https://cdn.myanimelist.net/images/anime/4/18118.jpg"
75,"https://cdn.myanimelist.net/images/anime/3/50365.jpg"
76,"https://cdn.myanimelist.net/images/anime/7/6770.jpg"
77,"https://cdn.myanimelist.net/images/anime/4/6767.jpg"
79,"https://cdn.myanimelist.net/images/anime/1290/133860.jpg"
80,"https://cdn.myanimelist.net/images/anime/5/88524.jpg"
81,"https://cdn.myanimelist.net/images/anime/9/75618.jpg"
82,"https://cdn.myanimelist.net/images/anime/1/82.jpg"
83,"https://cdn.myanimelist.net/images/anime/1132/100198.jpg"
84,"https://cdn.myanimelist.net/images/anime/13/26654.jpg"
85,"https://cdn.myanimelist.net/images/anime/6/11153.jpg"
86,"https://cdn.myanimelist.net/images/anime/1848/91078.jpg"
87,"https://cdn.myanimelist.net/images/anime/1523/92371.jpg"
88,"https://cdn.myanimelist.net/images/anime/1637/95288.jpg"
89,"https://cdn.myanimelist.net/images/anime/1913/102693.jpg"
90,"https://cdn.myanimelist.net/images/anime/1884/114414.jpg"
91,"https://cdn.myanimelist.net/images/anime/1061/97444.jpg"
92,"https://cdn.myanimelist.net/images/anime/10/16054.jpg"
93,"https://cdn.myanimelist.net/images/anime/1792/91081.jpg"
94,"https://cdn.myanimelist.net/images/anime/1700/91080.jpg"
95,"https://cdn.myanimelist.net/images/anime/4/78330.jpg"
96,"https://cdn.myanimelist.net/images/anime/1187/133654.jpg"
97,"https://cdn.myanimelist.net/images/anime/7/10888.jpg"
98,"https://cdn.myanimelist.net/images/anime/13/7226.jpg"
99,"https://cdn.myanimelist.net/images/anime/2/46897.jpg"
100,"https://cdn.myanimelist.net/images/anime/9/11709.jpg"
101,"https://cdn.myanimelist.net/images/anime/8/22059.jpg"
102,"https://cdn.myanimelist.net/images/anime/2/69665.jpg"
103,"https://cdn.myanimelist.net/images/anime/1098/108972.jpg"
104,"https://cdn.myanimelist.net/images/anime/1928/106202.jpg"
105,"https://cdn.myanimelist.net/images/anime/1/2223.jpg"
106,"https://cdn.myanimelist.net/images/anime/2/42871.jpg"
107,"https://cdn.myanimelist.net/images/anime/1961/92115.jpg"
108,"https://cdn.myanimelist.net/images/anime/5/30325.jpg"
109,"https://cdn.myanimelist.net/images/anime/10/22647.jpg"
110,"https://cdn.myanimelist.net/images/anime/6/75283.jpg"
111,"https://cdn.myanimelist.net/images/anime/1696/105659.jpg"
112,"https://cdn.myanimelist.net/images/anime/5/75236.jpg"
113,"https://cdn.myanimelist.net/images/anime/1587/134660.jpg"
114,"https://cdn.myanimelist.net/images/anime/1782/130913.jpg"
115,"https://cdn.myanimelist.net/images/anime/3/61047.jpg"
116,"https://cdn.myanimelist.net/images/anime/13/24439.jpg"
117,"https://cdn.myanimelist.net/images/anime/1893/128632.jpg"
118,"https://cdn.myanimelist.net/images/anime/11/2796.jpg"
119,"https://cdn.myanimelist.net/images/anime/11/14607.jpg"
120,"https://cdn.myanimelist.net/images/anime/4/75204.jpg"
121,"https://cdn.myanimelist.net/images/anime/10/75815.jpg"
122,"https://cdn.myanimelist.net/images/anime/1900/99154.jpg"
123,"https://cdn.myanimelist.net/images/anime/2/20140.jpg"
124,"https://cdn.myanimelist.net/images/anime/11/67701.jpg"
125,"https://cdn.myanimelist.net/images/anime/1/125.jpg"
126,"https://cdn.myanimelist.net/images/anime/6/16733.jpg"
127,"https://cdn.myanimelist.net/images/anime/12/15226.jpg"
128,"https://cdn.myanimelist.net/images/anime/6/75569.jpg"
129,"https://cdn.myanimelist.net/images/anime/11/75282.jpg"
130,"https://cdn.myanimelist.net/images/anime/1037/134418.jpg"
131,"https://cdn.myanimelist.net/images/anime/1348/134419.jpg"
132,"https://cdn.myanimelist.net/images/anime/4/7547.jpg"
133,"https://cdn.myanimelist.net/images/anime/7/75251.jpg"
134,"https://cdn.myanimelist.net/images/anime/5/3088.jpg"
135,"https://cdn.myanimelist.net/images/anime/12/78317.jpg"
136,"https://cdn.myanimelist.net/images/anime/1305/132237.jpg"
137,"https://cdn.myanimelist.net/images/anime/1/137.jpg"
138,"https://cdn.myanimelist.net/images/anime/1902/122320.jpg"
139,"https://cdn.myanimelist.net/images/anime/1/139.jpg"
141,"https://cdn.myanimelist.net/images/anime/3/44792.jpg"
142,"https://cdn.myanimelist.net/images/anime/5/20389.jpg"
143,"https://cdn.myanimelist.net/images/anime/8/73955.jpg"
144,"https://cdn.myanimelist.net/images/anime/1552/128388.jpg"
145,"https://cdn.myanimelist.net/images/anime/1222/108880.jpg"
146,"https://cdn.myanimelist.net/images/anime/10/21035.jpg"
147,"https://cdn.myanimelist.net/images/anime/5/10227.jpg"
148,"https://cdn.myanimelist.net/images/anime/1488/132892.jpg"
149,"https://cdn.myanimelist.net/images/anime/2/22947.jpg"
150,"https://cdn.myanimelist.net/images/anime/10/10183.jpg"
151,"https://cdn.myanimelist.net/images/anime/6/52103.jpg"
152,"https://cdn.myanimelist.net/images/anime/3/75582.jpg"
153,"https://cdn.myanimelist.net/images/anime/6/50859.jpg"
154,"https://cdn.myanimelist.net/images/anime/1722/99235.jpg"
155,"https://cdn.myanimelist.net/images/anime/7/23579.jpg"
156,"https://cdn.myanimelist.net/images/anime/8/17167.jpg"
157,"https://cdn.myanimelist.net/images/anime/12/89535.jpg"
158,"https://cdn.myanimelist.net/images/anime/1994/114208.jpg"
159,"https://cdn.myanimelist.net/images/anime/9/52679.jpg"
160,"https://cdn.myanimelist.net/images/anime/1094/109008.jpg"
161,"https://cdn.myanimelist.net/images/anime/10/77408.jpg"
162,"https://cdn.myanimelist.net/images/anime/7/25205.jpg"
163,"https://cdn.myanimelist.net/images/anime/1110/98247.jpg"
164,"https://cdn.myanimelist.net/images/anime/7/75919.jpg"
165,"https://cdn.myanimelist.net/images/anime/13/75168.jpg"
166,"https://cdn.myanimelist.net/images/anime/1190/95421.jpg"
167,"https://cdn.myanimelist.net/images/anime/1238/94717.jpg"
168,"https://cdn.myanimelist.net/images/anime/8/89882.jpg"
169,"https://cdn.myanimelist.net/images/anime/12/20669.jpg"
170,"https://cdn.myanimelist.net/images/anime/12/86890.jpg"
171,"https://cdn.myanimelist.net/images/anime/12/74782.jpg"
173,"https://cdn.myanimelist.net/images/anime/8/37549.jpg"
174,"https://cdn.myanimelist.net/images/anime/1507/101835.jpg"
175,"https://cdn.myanimelist.net/images/anime/9/21036.jpg"
176,"https://cdn.myanimelist.net/images/anime/7/17439.jpg"
177,"https://cdn.myanimelist.net/images/anime/9/6555.jpg"
178,"https://cdn.myanimelist.net/images/anime/8/53571.jpg"
179,"https://cdn.myanimelist.net/images/anime/2/3132.jpg"
180,"https://cdn.myanimelist.net/images/anime/5/75446.jpg"
181,"https://cdn.myanimelist.net/images/anime/4/75447.jpg"
182,"https://cdn.myanimelist.net/images/anime/5/30689.jpg"
183,"https://cdn.myanimelist.net/images/anime/8/17885.jpg"
184,"https://cdn.myanimelist.net/images/anime/3/75162.jpg"
185,"https://cdn.myanimelist.net/images/anime/1384/127972.jpg"
186,"https://cdn.myanimelist.net/images/anime/8/12750.jpg"
187,"https://cdn.myanimelist.net/images/anime/13/40397.jpg"
188,"https://cdn.myanimelist.net/images/anime/13/78241.jpg"
189,"https://cdn.myanimelist.net/images/anime/1153/99366.jpg"
190,"https://cdn.myanimelist.net/images/anime/3/10289.jpg"
191,"https://cdn.myanimelist.net/images/anime/11/82467.jpg"
192,"https://cdn.myanimelist.net/images/anime/12/82632.jpg"
193,"https://cdn.myanimelist.net/images/anime/9/79204.jpg"
194,"https://cdn.myanimelist.net/images/anime/12/76289.jpg"
195,"https://cdn.myanimelist.net/images/anime/13/5241.jpg"
196,"https://cdn.myanimelist.net/images/anime/1621/100229.jpg"
197,"https://cdn.myanimelist.net/images/anime/7/22990.jpg"
198,"https://cdn.myanimelist.net/images/anime/12/26128.jpg"
199,"https://cdn.myanimelist.net/images/anime/6/79597.jpg"
200,"https://cdn.myanimelist.net/images/anime/1644/131230.jpg"
201,"https://cdn.myanimelist.net/images/anime/2/22130.jpg"
202,"https://cdn.myanimelist.net/images/anime/5/59403.jpg"
203,"https://cdn.myanimelist.net/images/anime/12/6030.jpg"
204,"https://cdn.myanimelist.net/images/anime/1135/128536.jpg"
205,"https://cdn.myanimelist.net/images/anime/1375/121599.jpg"
206,"https://cdn.myanimelist.net/images/anime/1065/92495.jpg"
207,"https://cdn.myanimelist.net/images/anime/1644/92493.jpg"
208,"https://cdn.myanimelist.net/images/anime/1824/98849.jpg"
209,"https://cdn.myanimelist.net/images/anime/3/73350.jpg"
210,"https://cdn.myanimelist.net/images/anime/13/6441.jpg"
211,"https://cdn.myanimelist.net/images/anime/1518/112232.jpg"
212,"https://cdn.myanimelist.net/images/anime/2/58391.jpg"
213,"https://cdn.myanimelist.net/images/anime/1111/116093.jpg"
214,"https://cdn.myanimelist.net/images/anime/1610/116094.jpg"
215,"https://cdn.myanimelist.net/images/anime/11/50781.jpg"
216,"https://cdn.myanimelist.net/images/anime/1860/116096.jpg"
217,"https://cdn.myanimelist.net/images/anime/1268/119710.jpg"
218,"https://cdn.myanimelist.net/images/anime/3/53955.jpg"
219,"https://cdn.myanimelist.net/images/anime/10/51253.jpg"
220,"https://cdn.myanimelist.net/images/anime/10/29841.jpg"
221,"https://cdn.myanimelist.net/images/anime/6/37391.jpg"
222,"https://cdn.myanimelist.net/images/anime/9/3235.jpg"
223,"https://cdn.myanimelist.net/images/anime/1887/92364.jpg"
225,"https://cdn.myanimelist.net/images/anime/1262/93119.jpg"
226,"https://cdn.myanimelist.net/images/anime/1780/121555.jpg"
227,"https://cdn.myanimelist.net/images/anime/7/77356.jpg"
228,"https://cdn.myanimelist.net/images/anime/4/86907.jpg"
229,"https://cdn.myanimelist.net/images/anime/8/6591.jpg"
230,"https://cdn.myanimelist.net/images/anime/2/21019.jpg"
231,"https://cdn.myanimelist.net/images/anime/3/75196.jpg"
232,"https://cdn.myanimelist.net/images/anime/8/60781.jpg"
233,"https://cdn.myanimelist.net/images/anime/3/21166.jpg"
234,"https://cdn.myanimelist.net/images/anime/3/15231.jpg"
235,"https://cdn.myanimelist.net/images/anime/7/75199.jpg"
236,"https://cdn.myanimelist.net/images/anime/2/6260.jpg"
237,"https://cdn.myanimelist.net/images/anime/12/34443.jpg"
238,"https://cdn.myanimelist.net/images/anime/1646/113504.jpg"
239,"https://cdn.myanimelist.net/images/anime/10/2235.jpg"
240,"https://cdn.myanimelist.net/images/anime/1890/94707.jpg"
241,"https://cdn.myanimelist.net/images/anime/12/48027.jpg"
242,"https://cdn.myanimelist.net/images/anime/6/25273.jpg"
243,"https://cdn.myanimelist.net/images/anime/4/21856.jpg"
244,"https://cdn.myanimelist.net/images/anime/6/3149.jpg"
245,"https://cdn.myanimelist.net/images/anime/13/11460.jpg"
246,"https://cdn.myanimelist.net/images/anime/9/20134.jpg"
247,"https://cdn.myanimelist.net/images/anime/7/7227.jpg"
248,"https://cdn.myanimelist.net/images/anime/1157/132580.jpg"
249,"https://cdn.myanimelist.net/images/anime/1589/95329.jpg"
250,"https://cdn.myanimelist.net/images/anime/1151/125951.jpg"
251,"https://cdn.myanimelist.net/images/anime/11/75544.jpg"
252,"https://cdn.myanimelist.net/images/anime/12/57237.jpg"
253,"https://cdn.myanimelist.net/images/anime/10/24555.jpg"
254,"https://cdn.myanimelist.net/images/anime/3/10306.jpg"
255,"https://cdn.myanimelist.net/images/anime/6/14520.jpg"
256,"https://cdn.myanimelist.net/images/anime/1980/112997.jpg"
257,"https://cdn.myanimelist.net/images/anime/1097/133583.jpg"
258,"https://cdn.myanimelist.net/images/anime/7/18066.jpg"
259,"https://cdn.myanimelist.net/images/anime/6/15349.jpg"
260,"https://cdn.myanimelist.net/images/anime/3/75576.jpg"
261,"https://cdn.myanimelist.net/images/anime/7/75575.jpg"
262,"https://cdn.myanimelist.net/images/anime/11/75578.jpg"
263,"https://cdn.myanimelist.net/images/anime/4/86334.jpg"
264,"https://cdn.myanimelist.net/images/anime/9/2361.jpg"
265,"https://cdn.myanimelist.net/images/anime/4/64737.jpg"
266,"https://cdn.myanimelist.net/images/anime/13/75520.jpg"
267,"https://cdn.myanimelist.net/images/anime/11/75724.jpg"
268,"https://cdn.myanimelist.net/images/anime/3/62867.jpg"
269,"https://cdn.myanimelist.net/images/anime/3/40451.jpg"
270,"https://cdn.myanimelist.net/images/anime/10/19956.jpg"
271,"https://cdn.myanimelist.net/images/anime/5/12863.jpg"
272,"https://cdn.myanimelist.net/images/anime/1054/96577.jpg"
273,"https://cdn.myanimelist.net/images/anime/13/2597.jpg"
274,"https://cdn.myanimelist.net/images/anime/3/73995.jpg"
275,"https://cdn.myanimelist.net/images/anime/10/75454.jpg"
276,"https://cdn.myanimelist.net/images/anime/13/23051.jpg"
277,"https://cdn.myanimelist.net/images/anime/1367/98136.jpg"
278,"https://cdn.myanimelist.net/images/anime/1/278.jpg"
279,"https://cdn.myanimelist.net/images/anime/2/30681.jpg"
280,"https://cdn.myanimelist.net/images/anime/5/53409.jpg"
281,"https://cdn.myanimelist.net/images/anime/6/5237.jpg"
282,"https://cdn.myanimelist.net/images/anime/1399/135545.jpg"
283,"https://cdn.myanimelist.net/images/anime/1428/97069.jpg"
284,"https://cdn.myanimelist.net/images/anime/9/75571.jpg"
285,"https://cdn.myanimelist.net/images/anime/8/9440.jpg"
286,"https://cdn.myanimelist.net/images/anime/1771/100394.jpg"
287,"https://cdn.myanimelist.net/images/anime/1782/128917.jpg"
288,"https://cdn.myanimelist.net/images/anime/1429/127983.jpg"
289,"https://cdn.myanimelist.net/images/anime/1809/130426.jpg"
290,"https://cdn.myanimelist.net/images/anime/1585/99289.jpg"
291,"https://cdn.myanimelist.net/images/anime/8/73937.jpg"
292,"https://cdn.myanimelist.net/images/anime/1141/109328.jpg"
293,"https://cdn.myanimelist.net/images/anime/6/18815.jpg"
294,"https://cdn.myanimelist.net/images/anime/7/3570.jpg"
295,"https://cdn.myanimelist.net/images/anime/1320/98811.jpg"
296,"https://cdn.myanimelist.net/images/anime/1/2214.jpg"
297,"https://cdn.myanimelist.net/images/anime/1691/114822.jpg"
298,"https://cdn.myanimelist.net/images/anime/4/78321.jpg"
299,"https://cdn.myanimelist.net/images/anime/7/23079.jpg"
300,"https://cdn.myanimelist.net/images/anime/4/26940.jpg"
301,"https://cdn.myanimelist.net/images/anime/7/89194.jpg"
302,"https://cdn.myanimelist.net/images/anime/6/17529.jpg"
303,"https://cdn.myanimelist.net/images/anime/1/303.jpg"
304,"https://cdn.myanimelist.net/images/anime/5/71211.jpg"
305,"https://cdn.myanimelist.net/images/anime/1492/94195.jpg"
306,"https://cdn.myanimelist.net/images/anime/1350/113655.jpg"
307,"https://cdn.myanimelist.net/images/anime/1807/108565.jpg"
308,"https://cdn.myanimelist.net/images/anime/12/4905.jpg"
309,"https://cdn.myanimelist.net/images/anime/4/75541.jpg"
310,"https://cdn.myanimelist.net/images/anime/1893/100728.jpg"
311,"https://cdn.myanimelist.net/images/anime/1414/91264.jpg"
312,"https://cdn.myanimelist.net/images/anime/6/71784.jpg"
313,"https://cdn.myanimelist.net/images/anime/1306/100442.jpg"
314,"https://cdn.myanimelist.net/images/anime/6/71785.jpg"
315,"https://cdn.myanimelist.net/images/anime/8/28202.jpg"
316,"https://cdn.myanimelist.net/images/anime/9/41561.jpg"
317,"https://cdn.myanimelist.net/images/anime/1/317.jpg"
318,"https://cdn.myanimelist.net/images/anime/13/19241.jpg"
319,"https://cdn.myanimelist.net/images/anime/1198/116659.jpg"
320,"https://cdn.myanimelist.net/images/anime/1224/113092.jpg"
321,"https://cdn.myanimelist.net/images/anime/11/22210.jpg"
322,"https://cdn.myanimelist.net/images/anime/7/80636.jpg"
323,"https://cdn.myanimelist.net/images/anime/7/10240.jpg"
324,"https://cdn.myanimelist.net/images/anime/7/59293.jpg"
325,"https://cdn.myanimelist.net/images/anime/13/75579.jpg"
326,"https://cdn.myanimelist.net/images/anime/10/64543.jpg"
327,"https://cdn.myanimelist.net/images/anime/6/20142.jpg"
328,"https://cdn.myanimelist.net/images/anime/2/12834.jpg"
329,"https://cdn.myanimelist.net/images/anime/8/50463.jpg"
330,"https://cdn.myanimelist.net/images/anime/13/56961.jpg"
331,"https://cdn.myanimelist.net/images/anime/2/75814.jpg"
332,"https://cdn.myanimelist.net/images/anime/1153/134019.jpg"
333,"https://cdn.myanimelist.net/images/anime/12/87408.jpg"
334,"https://cdn.myanimelist.net/images/anime/8/6092.jpg"
335,"https://cdn.myanimelist.net/images/anime/13/75300.jpg"
336,"https://cdn.myanimelist.net/images/anime/11/75547.jpg"
337,"https://cdn.myanimelist.net/images/anime/1886/98806.jpg"
338,"https://cdn.myanimelist.net/images/anime/9/57043.jpg"
339,"https://cdn.myanimelist.net/images/anime/1718/91550.jpg"
340,"https://cdn.myanimelist.net/images/anime/3/56847.jpg"
341,"https://cdn.myanimelist.net/images/anime/1771/92118.jpg"
342,"https://cdn.myanimelist.net/images/anime/1185/131231.jpg"
343,"https://cdn.myanimelist.net/images/anime/13/75255.jpg"
344,"https://cdn.myanimelist.net/images/anime/12/73986.jpg"
345,"https://cdn.myanimelist.net/images/anime/5/80117.jpg"
346,"https://cdn.myanimelist.net/images/anime/1/346.jpg"
347,"https://cdn.myanimelist.net/images/anime/1532/94186.jpg"
348,"https://cdn.myanimelist.net/images/anime/3/16917.jpg"
349,"https://cdn.myanimelist.net/images/anime/10/75560.jpg"
350,"https://cdn.myanimelist.net/images/anime/1069/133679.jpg"
351,"https://cdn.myanimelist.net/images/anime/1215/121240.jpg"
352,"https://cdn.myanimelist.net/images/anime/5/36629.jpg"
353,"https://cdn.myanimelist.net/images/anime/2/40407.jpg"
354,"https://cdn.myanimelist.net/images/anime/1/2455.jpg"
355,"https://cdn.myanimelist.net/images/anime/8/21197.jpg"
356,"https://cdn.myanimelist.net/images/anime/4/30327.jpg"
357,"https://cdn.myanimelist.net/images/anime/10/13210.jpg"
358,"https://cdn.myanimelist.net/images/anime/1108/94990.jpg"
359,"https://cdn.myanimelist.net/images/anime/1/359.jpg"
360,"https://cdn.myanimelist.net/images/anime/8/80544.jpg"
361,"https://cdn.myanimelist.net/images/anime/1497/127514.jpg"
362,"https://cdn.myanimelist.net/images/anime/2/3290.jpg"
363,"https://cdn.myanimelist.net/images/anime/1802/127516.jpg"
364,"https://cdn.myanimelist.net/images/anime/10/30129.jpg"
365,"https://cdn.myanimelist.net/images/anime/4/25196.jpg"
366,"https://cdn.myanimelist.net/images/anime/11/61673.jpg"
367,"https://cdn.myanimelist.net/images/anime/1404/95392.jpg"
368,"https://cdn.myanimelist.net/images/anime/13/12768.jpg"
369,"https://cdn.myanimelist.net/images/anime/1327/95777.jpg"
370,"https://cdn.myanimelist.net/images/anime/6/75501.jpg"
371,"https://cdn.myanimelist.net/images/anime/1733/90336.jpg"
372,"https://cdn.myanimelist.net/images/anime/1652/90326.jpg"
373,"https://cdn.myanimelist.net/images/anime/7/10720.jpg"
374,"https://cdn.myanimelist.net/images/anime/7/2886.jpg"
375,"https://cdn.myanimelist.net/images/anime/10/2875.jpg"
376,"https://cdn.myanimelist.net/images/anime/1936/121639.jpg"
377,"https://cdn.myanimelist.net/images/anime/8/26197.jpg"
378,"https://cdn.myanimelist.net/images/anime/13/26195.jpg"
379,"https://cdn.myanimelist.net/images/anime/1728/97423.jpg"
380,"https://cdn.myanimelist.net/images/anime/1171/92443.jpg"
381,"https://cdn.myanimelist.net/images/anime/1591/92444.jpg"
382,"https://cdn.myanimelist.net/images/anime/10/20029.jpg"
383,"https://cdn.myanimelist.net/images/anime/4/6075.jpg"
384,"https://cdn.myanimelist.net/images/anime/13/5998.jpg"
385,"https://cdn.myanimelist.net/images/anime/13/6640.jpg"
386,"https://cdn.myanimelist.net/images/anime/1480/105967.jpg"
387,"https://cdn.myanimelist.net/images/anime/9/13134.jpg"
388,"https://cdn.myanimelist.net/images/anime/5/17667.jpg"
389,"https://cdn.myanimelist.net/images/anime/1054/98245.jpg"
390,"https://cdn.myanimelist.net/images/anime/9/33579.jpg"
391,"https://cdn.myanimelist.net/images/anime/11/78319.jpg"
392,"https://cdn.myanimelist.net/images/anime/1228/111372.jpg"
393,"https://cdn.myanimelist.net/images/anime/1539/94517.jpg"
394,"https://cdn.myanimelist.net/images/anime/10/71425.jpg"
395,"https://cdn.myanimelist.net/images/anime/10/23247.jpg"
396,"https://cdn.myanimelist.net/images/anime/11/61111.jpg"
397,"https://cdn.myanimelist.net/images/anime/12/61109.jpg"
398,"https://cdn.myanimelist.net/images/anime/11/2755.jpg"
399,"https://cdn.myanimelist.net/images/anime/3/2754.jpg"
400,"https://cdn.myanimelist.net/images/anime/7/28848.jpg"
401,"https://cdn.myanimelist.net/images/anime/1971/90877.jpg"
402,"https://cdn.myanimelist.net/images/anime/3/3243.jpg"
403,"https://cdn.myanimelist.net/images/anime/12/3066.jpg"
404,"https://cdn.myanimelist.net/images/anime/1419/99205.jpg"
405,"https://cdn.myanimelist.net/images/anime/9/18913.jpg"
406,"https://cdn.myanimelist.net/images/anime/6/57421.jpg"
407,"https://cdn.myanimelist.net/images/anime/1/407.jpg"
408,"https://cdn.myanimelist.net/images/anime/7/80623.jpg"
411,"https://cdn.myanimelist.net/images/anime/3/25380.jpg"
412,"https://cdn.myanimelist.net/images/anime/11/80500.jpg"
413,"https://cdn.myanimelist.net/images/anime/7/68855.jpg"
415,"https://cdn.myanimelist.net/images/anime/6/64545.jpg"
416,"https://cdn.myanimelist.net/images/anime/6/2878.jpg"
417,"https://cdn.myanimelist.net/images/anime/10/2589.jpg"
418,"https://cdn.myanimelist.net/images/anime/13/76023.jpg"
419,"https://cdn.myanimelist.net/images/anime/4/23744.jpg"
420,"https://cdn.myanimelist.net/images/anime/1549/134328.jpg"
421,"https://cdn.myanimelist.net/images/anime/8/67337.jpg"
422,"https://cdn.myanimelist.net/images/anime/7/7664.jpg"
423,"https://cdn.myanimelist.net/images/anime/7/67335.jpg"
424,"https://cdn.myanimelist.net/images/anime/2/20673.jpg"
425,"https://cdn.myanimelist.net/images/anime/7/31701.jpg"
426,"https://cdn.myanimelist.net/images/anime/10/88663.jpg"
427,"https://cdn.myanimelist.net/images/anime/1230/98847.jpg"
428,"https://cdn.myanimelist.net/images/anime/10/23761.jpg"
429,"https://cdn.myanimelist.net/images/anime/7/28863.jpg"
430,"https://cdn.myanimelist.net/images/anime/1707/94039.jpg"
431,"https://cdn.myanimelist.net/images/anime/5/75810.jpg"
432,"https://cdn.myanimelist.net/images/anime/1193/112905.jpg"
433,"https://cdn.myanimelist.net/images/anime/1725/133738.jpg"
434,"https://cdn.myanimelist.net/images/anime/8/26903.jpg"
435,"https://cdn.myanimelist.net/images/anime/1683/97042.jpg"
437,"https://cdn.myanimelist.net/images/anime/1254/134212.jpg"
438,"https://cdn.myanimelist.net/images/anime/12/75176.jpg"
439,"https://cdn.myanimelist.net/images/anime/1487/112102.jpg"
440,"https://cdn.myanimelist.net/images/anime/1078/95285.jpg"
441,"https://cdn.myanimelist.net/images/anime/1268/107516.jpg"
442,"https://cdn.myanimelist.net/images/anime/1231/134484.jpg"
443,"https://cdn.myanimelist.net/images/anime/5/33671.jpg"
444,"https://cdn.myanimelist.net/images/anime/9/75208.jpg"
445,"https://cdn.myanimelist.net/images/anime/11/42089.jpg"
446,"https://cdn.myanimelist.net/images/anime/9/23693.jpg"
447,"https://cdn.myanimelist.net/images/anime/13/23697.jpg"
448,"https://cdn.myanimelist.net/images/anime/11/7362.jpg"
449,"https://cdn.myanimelist.net/images/anime/1216/94369.jpg"
450,"https://cdn.myanimelist.net/images/anime/1162/92219.jpg"
451,"https://cdn.myanimelist.net/images/anime/1658/95332.jpg"
452,"https://cdn.myanimelist.net/images/anime/1683/94370.jpg"
454,"https://cdn.myanimelist.net/images/anime/2/23085.jpg"
455,"https://cdn.myanimelist.net/images/anime/9/77062.jpg"
456,"https://cdn.myanimelist.net/images/anime/7/18714.jpg"
457,"https://cdn.myanimelist.net/images/anime/2/73862.jpg"
458,"https://cdn.myanimelist.net/images/anime/4/53479.jpg"
459,"https://cdn.myanimelist.net/images/anime/1770/97704.jpg"
460,"https://cdn.myanimelist.net/images/anime/1939/97699.jpg"
461,"https://cdn.myanimelist.net/images/anime/1017/97698.jpg"
462,"https://cdn.myanimelist.net/images/anime/1100/116767.jpg"
463,"https://cdn.myanimelist.net/images/anime/2/25413.jpg"
464,"https://cdn.myanimelist.net/images/anime/11/25415.jpg"
465,"https://cdn.myanimelist.net/images/anime/9/20927.jpg"
466,"https://cdn.myanimelist.net/images/anime/1848/96972.jpg"
467,"https://cdn.myanimelist.net/images/anime/11/50857.jpg"
468,"https://cdn.myanimelist.net/images/anime/10/75628.jpg"
469,"https://cdn.myanimelist.net/images/anime/3/46833.jpg"
470,"https://cdn.myanimelist.net/images/anime/4/18925.jpg"
471,"https://cdn.myanimelist.net/images/anime/3/57423.jpg"
472,"https://cdn.myanimelist.net/images/anime/8/29922.jpg"
473,"https://cdn.myanimelist.net/images/anime/9/75832.jpg"
474,"https://cdn.myanimelist.net/images/anime/6/22779.jpg"
475,"https://cdn.myanimelist.net/images/anime/1010/116695.jpg"
476,"https://cdn.myanimelist.net/images/anime/8/19926.jpg"
477,"https://cdn.myanimelist.net/images/anime/2/77620.jpg"
478,"https://cdn.myanimelist.net/images/anime/11/76291.jpg"
479,"https://cdn.myanimelist.net/images/anime/8/20596.jpg"
481,"https://cdn.myanimelist.net/images/anime/3/77055.jpg"
482,"https://cdn.myanimelist.net/images/anime/6/20873.jpg"
483,"https://cdn.myanimelist.net/images/anime/1997/106096.jpg"
484,"https://cdn.myanimelist.net/images/anime/1093/92837.jpg"
485,"https://cdn.myanimelist.net/images/anime/1/485.jpg"
486,"https://cdn.myanimelist.net/images/anime/1763/95397.jpg"
487,"https://cdn.myanimelist.net/images/anime/1538/133872.jpg"
488,"https://cdn.myanimelist.net/images/anime/10/11042.jpg"
489,"https://cdn.myanimelist.net/images/anime/3/24641.jpg"
490,"https://cdn.myanimelist.net/images/anime/2/68901.jpg"
492,"https://cdn.myanimelist.net/images/anime/1903/127567.jpg"
493,"https://cdn.myanimelist.net/images/anime/9/2859.jpg"
495,"https://cdn.myanimelist.net/images/anime/1607/96463.jpg"
496,"https://cdn.myanimelist.net/images/anime/1073/94233.jpg"
497,"https://cdn.myanimelist.net/images/anime/13/23094.jpg"
498,"https://cdn.myanimelist.net/images/anime/1262/92742.jpg"
499,"https://cdn.myanimelist.net/images/anime/1366/97857.jpg"
501,"https://cdn.myanimelist.net/images/anime/10/33865.jpg"
502,"https://cdn.myanimelist.net/images/anime/1992/121522.jpg"
503,"https://cdn.myanimelist.net/images/anime/1405/112180.jpg"
504,"https://cdn.myanimelist.net/images/anime/1460/92435.jpg"
505,"https://cdn.myanimelist.net/images/anime/1193/133527.jpg"
506,"https://cdn.myanimelist.net/images/anime/6/39571.jpg"
507,"https://cdn.myanimelist.net/images/anime/1656/94257.jpg"
508,"https://cdn.myanimelist.net/images/anime/3/21562.jpg"
509,"https://cdn.myanimelist.net/images/anime/1414/93964.jpg"
510,"https://cdn.myanimelist.net/images/anime/1643/129530.jpg"
511,"https://cdn.myanimelist.net/images/anime/4/3461.jpg"
512,"https://cdn.myanimelist.net/images/anime/10/75916.jpg"
513,"https://cdn.myanimelist.net/images/anime/5/37799.jpg"
514,"https://cdn.myanimelist.net/images/anime/11/77004.jpg"
515,"https://cdn.myanimelist.net/images/anime/1520/94671.jpg"
516,"https://cdn.myanimelist.net/images/anime/1121/117792.jpg"
517,"https://cdn.myanimelist.net/images/anime/5/75489.jpg"
518,"https://cdn.myanimelist.net/images/anime/1704/105810.jpg"
519,"https://cdn.myanimelist.net/images/anime/3/50903.jpg"
520,"https://cdn.myanimelist.net/images/anime/9/4286.jpg"
521,"https://cdn.myanimelist.net/images/anime/3/9640.jpg"
522,"https://cdn.myanimelist.net/images/anime/4/75601.jpg"
523,"https://cdn.myanimelist.net/images/anime/4/75923.jpg"
524,"https://cdn.myanimelist.net/images/anime/6/67017.jpg"
525,"https://cdn.myanimelist.net/images/anime/9/16736.jpg"
526,"https://cdn.myanimelist.net/images/anime/5/25035.jpg"
527,"https://cdn.myanimelist.net/images/anime/13/73834.jpg"
528,"https://cdn.myanimelist.net/images/anime/13/65699.jpg"
529,"https://cdn.myanimelist.net/images/anime/1/529.jpg"
530,"https://cdn.myanimelist.net/images/anime/1440/92258.jpg"
531,"https://cdn.myanimelist.net/images/anime/12/18897.jpg"
532,"https://cdn.myanimelist.net/images/anime/1077/92346.jpg"
533,"https://cdn.myanimelist.net/images/anime/9/65565.jpg"
534,"https://cdn.myanimelist.net/images/anime/6/19870.jpg"
535,"https://cdn.myanimelist.net/images/anime/1165/92536.jpg"
536,"https://cdn.myanimelist.net/images/anime/10/2644.jpg"
537,"https://cdn.myanimelist.net/images/anime/6/4615.jpg"
538,"https://cdn.myanimelist.net/images/anime/4/61149.jpg"
539,"https://cdn.myanimelist.net/images/anime/1224/95301.jpg"
540,"https://cdn.myanimelist.net/images/anime/1/2437.jpg"
541,"https://cdn.myanimelist.net/images/anime/8/31587.jpg"
543,"https://cdn.myanimelist.net/images/anime/1571/135153.jpg"
544,"https://cdn.myanimelist.net/images/anime/1305/100582.jpg"
545,"https://cdn.myanimelist.net/images/anime/6/14824.jpg"
546,"https://cdn.myanimelist.net/images/anime/11/75506.jpg"
547,"https://cdn.myanimelist.net/images/anime/1112/111182.jpg"
548,"https://cdn.myanimelist.net/images/anime/8/10332.jpg"
550,"https://cdn.myanimelist.net/images/anime/4/47487.jpg"
551,"https://cdn.myanimelist.net/images/anime/1433/96723.jpg"
552,"https://cdn.myanimelist.net/images/anime/10/11070.jpg"
553,"https://cdn.myanimelist.net/images/anime/1414/109717.jpg"
554,"https://cdn.myanimelist.net/images/anime/1036/97570.jpg"
555,"https://cdn.myanimelist.net/images/anime/6/15907.jpg"
556,"https://cdn.myanimelist.net/images/anime/4/13729.jpg"
557,"https://cdn.myanimelist.net/images/anime/4/21112.jpg"
558,"https://cdn.myanimelist.net/images/anime/6/73972.jpg"
559,"https://cdn.myanimelist.net/images/anime/7/75739.jpg"
560,"https://cdn.myanimelist.net/images/anime/8/50369.jpg"
561,"https://cdn.myanimelist.net/images/anime/12/20378.jpg"
562,"https://cdn.myanimelist.net/images/anime/1260/107216.jpg"
563,"https://cdn.myanimelist.net/images/anime/1433/103506.jpg"
564,"https://cdn.myanimelist.net/images/anime/2/20464.jpg"
565,"https://cdn.myanimelist.net/images/anime/11/21278.jpg"
566,"https://cdn.myanimelist.net/images/anime/1635/118380.jpg"
567,"https://cdn.myanimelist.net/images/anime/1/567.jpg"
568,"https://cdn.myanimelist.net/images/anime/1699/92414.jpg"
569,"https://cdn.myanimelist.net/images/anime/4/14898.jpg"
570,"https://cdn.myanimelist.net/images/anime/1323/103343.jpg"
571,"https://cdn.myanimelist.net/images/anime/4/37735.jpg"
572,"https://cdn.myanimelist.net/images/anime/10/75914.jpg"
573,"https://cdn.myanimelist.net/images/anime/1754/97053.jpg"
574,"https://cdn.myanimelist.net/images/anime/13/28902.jpg"
576,"https://cdn.myanimelist.net/images/anime/2/75539.jpg"
577,"https://cdn.myanimelist.net/images/anime/6/28822.jpg"
578,"https://cdn.myanimelist.net/images/anime/7/75808.jpg"
579,"https://cdn.myanimelist.net/images/anime/12/2867.jpg"
580,"https://cdn.myanimelist.net/images/anime/13/63859.jpg"
581,"https://cdn.myanimelist.net/images/anime/3/20329.jpg"
582,"https://cdn.myanimelist.net/images/anime/13/39595.jpg"
584,"https://cdn.myanimelist.net/images/anime/1/584.jpg"
585,"https://cdn.myanimelist.net/images/anime/1899/109259.jpg"
586,"https://cdn.myanimelist.net/images/anime/2/11746.jpg"
587,"https://cdn.myanimelist.net/images/anime/10/75201.jpg"
588,"https://cdn.myanimelist.net/images/anime/11/2902.jpg"
589,"https://cdn.myanimelist.net/images/anime/3/47461.jpg"
590,"https://cdn.myanimelist.net/images/anime/8/20040.jpg"
591,"https://cdn.myanimelist.net/images/anime/2/32071.jpg"
592,"https://cdn.myanimelist.net/images/anime/8/27541.jpg"
593,"https://cdn.myanimelist.net/images/anime/3/16734.jpg"
594,"https://cdn.myanimelist.net/images/anime/11/20921.jpg"
595,"https://cdn.myanimelist.net/images/anime/12/83082.jpg"
596,"https://cdn.myanimelist.net/images/anime/9/34375.jpg"
597,"https://cdn.myanimelist.net/images/anime/1/597.jpg"
598,"https://cdn.myanimelist.net/images/anime/3/75542.jpg"
599,"https://cdn.myanimelist.net/images/anime/1932/96386.jpg"
600,"https://cdn.myanimelist.net/images/anime/7/23556.jpg"
601,"https://cdn.myanimelist.net/images/anime/5/84241.jpg"
602,"https://cdn.myanimelist.net/images/anime/12/20394.jpg"
603,"https://cdn.myanimelist.net/images/anime/9/7533.jpg"
604,"https://cdn.myanimelist.net/images/anime/1673/132849.jpg"
605,"https://cdn.myanimelist.net/images/anime/1671/94180.jpg"
606,"https://cdn.myanimelist.net/images/anime/5/16745.jpg"
607,"https://cdn.myanimelist.net/images/anime/7/50145.jpg"
608,"https://cdn.myanimelist.net/images/anime/13/20234.jpg"
609,"https://cdn.myanimelist.net/images/anime/12/54433.jpg"
610,"https://cdn.myanimelist.net/images/anime/11/34457.jpg"
611,"https://cdn.myanimelist.net/images/anime/6/83128.jpg"
612,"https://cdn.myanimelist.net/images/anime/1813/133687.jpg"
613,"https://cdn.myanimelist.net/images/anime/1971/100952.jpg"
614,"https://cdn.myanimelist.net/images/anime/9/19126.jpg"
615,"https://cdn.myanimelist.net/images/anime/5/77618.jpg"
616,"https://cdn.myanimelist.net/images/anime/10/10506.jpg"
617,"https://cdn.myanimelist.net/images/anime/1834/116568.jpg"
618,"https://cdn.myanimelist.net/images/anime/1898/103439.jpg"
619,"https://cdn.myanimelist.net/images/anime/5/69415.jpg"
620,"https://cdn.myanimelist.net/images/anime/4/21590.jpg"
621,"https://cdn.myanimelist.net/images/anime/12/31985.jpg"
622,"https://cdn.myanimelist.net/images/anime/12/75239.jpg"
623,"https://cdn.myanimelist.net/images/anime/4/35193.jpg"
624,"https://cdn.myanimelist.net/images/anime/5/75507.jpg"
625,"https://cdn.myanimelist.net/images/anime/1008/131352.jpg"
626,"https://cdn.myanimelist.net/images/anime/1386/120773.jpg"
627,"https://cdn.myanimelist.net/images/anime/13/73973.jpg"
629,"https://cdn.myanimelist.net/images/anime/10/22077.jpg"
630,"https://cdn.myanimelist.net/images/anime/11/44063.jpg"
631,"https://cdn.myanimelist.net/images/anime/1830/134573.jpg"
632,"https://cdn.myanimelist.net/images/anime/3/13439.jpg"
633,"https://cdn.myanimelist.net/images/anime/4/21210.jpg"
634,"https://cdn.myanimelist.net/images/anime/9/61441.jpg"
635,"https://cdn.myanimelist.net/images/anime/13/60987.jpg"
636,"https://cdn.myanimelist.net/images/anime/7/20768.jpg"
637,"https://cdn.myanimelist.net/images/anime/5/19958.jpg"
641,"https://cdn.myanimelist.net/images/anime/1708/132578.jpg"
642,"https://cdn.myanimelist.net/images/anime/8/5228.jpg"
644,"https://cdn.myanimelist.net/images/anime/1657/106011.jpg"
645,"https://cdn.myanimelist.net/images/anime/12/78453.jpg"
646,"https://cdn.myanimelist.net/images/anime/1163/94507.jpg"
647,"https://cdn.myanimelist.net/images/anime/2/72171.jpg"
648,"https://cdn.myanimelist.net/images/anime/1/648.jpg"
649,"https://cdn.myanimelist.net/images/anime/8/10518.jpg"
650,"https://cdn.myanimelist.net/images/anime/11/2769.jpg"
651,"https://cdn.myanimelist.net/images/anime/7/3470.jpg"
652,"https://cdn.myanimelist.net/images/anime/5/29793.jpg"
653,"https://cdn.myanimelist.net/images/anime/8/2757.jpg"
654,"https://cdn.myanimelist.net/images/anime/8/6758.jpg"
655,"https://cdn.myanimelist.net/images/anime/9/75307.jpg"
656,"https://cdn.myanimelist.net/images/anime/2/82726.jpg"
658,"https://cdn.myanimelist.net/images/anime/11/53587.jpg"
659,"https://cdn.myanimelist.net/images/anime/1147/133613.jpg"
660,"https://cdn.myanimelist.net/images/anime/5/3896.jpg"
661,"https://cdn.myanimelist.net/images/anime/10/20194.jpg"
664,"https://cdn.myanimelist.net/images/anime/2/18690.jpg"
665,"https://cdn.myanimelist.net/images/anime/8/53147.jpg"
666,"https://cdn.myanimelist.net/images/anime/1171/106036.jpg"
667,"https://cdn.myanimelist.net/images/anime/9/19498.jpg"
668,"https://cdn.myanimelist.net/images/anime/1691/135409.jpg"
669,"https://cdn.myanimelist.net/images/anime/11/3293.jpg"
670,"https://cdn.myanimelist.net/images/anime/4/15900.jpg"
671,"https://cdn.myanimelist.net/images/anime/5/36417.jpg"
673,"https://cdn.myanimelist.net/images/anime/11/3569.jpg"
675,"https://cdn.myanimelist.net/images/anime/5/25086.jpg"
676,"https://cdn.myanimelist.net/images/anime/10/75869.jpg"
677,"https://cdn.myanimelist.net/images/anime/3/49617.jpg"
678,"https://cdn.myanimelist.net/images/anime/4/61189.jpg"
679,"https://cdn.myanimelist.net/images/anime/10/37959.jpg"
681,"https://cdn.myanimelist.net/images/anime/11/3789.jpg"
682,"https://cdn.myanimelist.net/images/anime/10/21092.jpg"
683,"https://cdn.myanimelist.net/images/anime/9/4328.jpg"
684,"https://cdn.myanimelist.net/images/anime/12/4406.jpg"
685,"https://cdn.myanimelist.net/images/anime/10/75475.jpg"
686,"https://cdn.myanimelist.net/images/anime/1/686.jpg"
687,"https://cdn.myanimelist.net/images/anime/4/89298.jpg"
688,"https://cdn.myanimelist.net/images/anime/3/25392.jpg"
689,"https://cdn.myanimelist.net/images/anime/7/24068.jpg"
690,"https://cdn.myanimelist.net/images/anime/1427/134363.jpg"
691,"https://cdn.myanimelist.net/images/anime/4/44864.jpg"
692,"https://cdn.myanimelist.net/images/anime/1951/116056.jpg"
693,"https://cdn.myanimelist.net/images/anime/12/75500.jpg"
694,"https://cdn.myanimelist.net/images/anime/6/74076.jpg"
695,"https://cdn.myanimelist.net/images/anime/3/22124.jpg"
696,"https://cdn.myanimelist.net/images/anime/3/61663.jpg"
704,"https://cdn.myanimelist.net/images/anime/1716/132253.jpg"
705,"https://cdn.myanimelist.net/images/anime/9/4490.jpg"
706,"https://cdn.myanimelist.net/images/anime/1100/130425.jpg"
707,"https://cdn.myanimelist.net/images/anime/11/5319.jpg"
708,"https://cdn.myanimelist.net/images/anime/1340/110804.jpg"
709,"https://cdn.myanimelist.net/images/anime/3/46859.jpg"
710,"https://cdn.myanimelist.net/images/anime/1940/124243.jpg"
711,"https://cdn.myanimelist.net/images/anime/11/83048.jpg"
712,"https://cdn.myanimelist.net/images/anime/1906/109746.jpg"
713,"https://cdn.myanimelist.net/images/anime/10/26507.jpg"
714,"https://cdn.myanimelist.net/images/anime/1146/106160.jpg"
715,"https://cdn.myanimelist.net/images/anime/10/67403.jpg"
718,"https://cdn.myanimelist.net/images/anime/1949/127321.jpg"
719,"https://cdn.myanimelist.net/images/anime/8/6531.jpg"
721,"https://cdn.myanimelist.net/images/anime/1145/93646.jpg"
722,"https://cdn.myanimelist.net/images/anime/13/10176.jpg"
723,"https://cdn.myanimelist.net/images/anime/11/66847.jpg"
724,"https://cdn.myanimelist.net/images/anime/2/24031.jpg"
725,"https://cdn.myanimelist.net/images/anime/1937/113697.jpg"
727,"https://cdn.myanimelist.net/images/anime/13/26657.jpg"
729,"https://cdn.myanimelist.net/images/anime/12/29624.jpg"
730,"https://cdn.myanimelist.net/images/anime/9/89936.jpg"
731,"https://cdn.myanimelist.net/images/anime/5/82786.jpg"
732,"https://cdn.myanimelist.net/images/anime/4/24228.jpg"
733,"https://cdn.myanimelist.net/images/anime/10/8172.jpg"
734,"https://cdn.myanimelist.net/images/anime/5/72912.jpg"
736,"https://cdn.myanimelist.net/images/anime/1016/90268.jpg"
738,"https://cdn.myanimelist.net/images/anime/8/38383.jpg"
740,"https://cdn.myanimelist.net/images/anime/1/740.jpg"
741,"https://cdn.myanimelist.net/images/anime/12/27084.jpg"
743,"https://cdn.myanimelist.net/images/anime/1498/131411.jpg"
744,"https://cdn.myanimelist.net/images/anime/8/61293.jpg"
746,"https://cdn.myanimelist.net/images/anime/5/11100.jpg"
747,"https://cdn.myanimelist.net/images/anime/6/3718.jpg"
748,"https://cdn.myanimelist.net/images/anime/10/3798.jpg"
749,"https://cdn.myanimelist.net/images/anime/5/64205.jpg"
750,"https://cdn.myanimelist.net/images/anime/10/61143.jpg"
751,"https://cdn.myanimelist.net/images/anime/1337/123742.jpg"
752,"https://cdn.myanimelist.net/images/anime/2/33631.jpg"
753,"https://cdn.myanimelist.net/images/anime/1200/111783.jpg"
754,"https://cdn.myanimelist.net/images/anime/2/26180.jpg"
755,"https://cdn.myanimelist.net/images/anime/8/33163.jpg"
756,"https://cdn.myanimelist.net/images/anime/1145/121899.jpg"
757,"https://cdn.myanimelist.net/images/anime/5/27052.jpg"
758,"https://cdn.myanimelist.net/images/anime/1771/94881.jpg"
759,"https://cdn.myanimelist.net/images/anime/1480/132791.jpg"
760,"https://cdn.myanimelist.net/images/anime/9/22930.jpg"
761,"https://cdn.myanimelist.net/images/anime/12/11240.jpg"
762,"https://cdn.myanimelist.net/images/anime/1022/129092.jpg"
763,"https://cdn.myanimelist.net/images/anime/2/15412.jpg"
764,"https://cdn.myanimelist.net/images/anime/1159/133229.jpg"
765,"https://cdn.myanimelist.net/images/anime/6/4489.jpg"
766,"https://cdn.myanimelist.net/images/anime/1/766.jpg"
767,"https://cdn.myanimelist.net/images/anime/4/2888.jpg"
769,"https://cdn.myanimelist.net/images/anime/1805/96595.jpg"
770,"https://cdn.myanimelist.net/images/anime/2/3211.jpg"
771,"https://cdn.myanimelist.net/images/anime/5/75548.jpg"
773,"https://cdn.myanimelist.net/images/anime/7/3788.jpg"
776,"https://cdn.myanimelist.net/images/anime/7/46927.jpg"
777,"https://cdn.myanimelist.net/images/anime/6/7333.jpg"
779,"https://cdn.myanimelist.net/images/anime/3/77131.jpg"
780,"https://cdn.myanimelist.net/images/anime/1900/94316.jpg"
781,"https://cdn.myanimelist.net/images/anime/1831/94317.jpg"
782,"https://cdn.myanimelist.net/images/anime/1622/99582.jpg"
783,"https://cdn.myanimelist.net/images/anime/1/783.jpg"
785,"https://cdn.myanimelist.net/images/anime/1217/117018.jpg"
786,"https://cdn.myanimelist.net/images/anime/10/4405.jpg"
788,"https://cdn.myanimelist.net/images/anime/1693/135144.jpg"
789,"https://cdn.myanimelist.net/images/anime/5/16086.jpg"
790,"https://cdn.myanimelist.net/images/anime/11/6259.jpg"
791,"https://cdn.myanimelist.net/images/anime/1661/112654.jpg"
792,"https://cdn.myanimelist.net/images/anime/1855/95323.jpg"
793,"https://cdn.myanimelist.net/images/anime/1482/107802.jpg"
795,"https://cdn.myanimelist.net/images/anime/12/18531.jpg"
796,"https://cdn.myanimelist.net/images/anime/7/49583.jpg"
797,"https://cdn.myanimelist.net/images/anime/1573/119819.jpg"
798,"https://cdn.myanimelist.net/images/anime/1255/120063.jpg"
799,"https://cdn.myanimelist.net/images/anime/3/21207.jpg"
800,"https://cdn.myanimelist.net/images/anime/8/18922.jpg"
801,"https://cdn.myanimelist.net/images/anime/1646/135390.jpg"
807,"https://cdn.myanimelist.net/images/anime/6/45953.jpg"
808,"https://cdn.myanimelist.net/images/anime/1267/97321.jpg"
810,"https://cdn.myanimelist.net/images/anime/8/30397.jpg"
811,"https://cdn.myanimelist.net/images/anime/1555/134512.jpg"
812,"https://cdn.myanimelist.net/images/anime/1294/133834.jpg"
813,"https://cdn.myanimelist.net/images/anime/1607/117271.jpg"
814,"https://cdn.myanimelist.net/images/anime/10/6381.jpg"
815,"https://cdn.myanimelist.net/images/anime/1663/133530.jpg"
816,"https://cdn.myanimelist.net/images/anime/8/16175.jpg"
817,"https://cdn.myanimelist.net/images/anime/8/61829.jpg"
818,"https://cdn.myanimelist.net/images/anime/12/74961.jpg"
819,"https://cdn.myanimelist.net/images/anime/1178/121937.jpg"
820,"https://cdn.myanimelist.net/images/anime/13/13225.jpg"
821,"https://cdn.myanimelist.net/images/anime/2/13168.jpg"
822,"https://cdn.myanimelist.net/images/anime/8/13169.jpg"
823,"https://cdn.myanimelist.net/images/anime/9/80149.jpg"
824,"https://cdn.myanimelist.net/images/anime/9/20741.jpg"
825,"https://cdn.myanimelist.net/images/anime/3/12676.jpg"
827,"https://cdn.myanimelist.net/images/anime/1318/119766.jpg"
828,"https://cdn.myanimelist.net/images/anime/11/5966.jpg"
830,"https://cdn.myanimelist.net/images/anime/11/41591.jpg"
831,"https://cdn.myanimelist.net/images/anime/11/17101.jpg"
832,"https://cdn.myanimelist.net/images/anime/3/15415.jpg"
833,"https://cdn.myanimelist.net/images/anime/9/75166.jpg"
834,"https://cdn.myanimelist.net/images/anime/1/834.jpg"
835,"https://cdn.myanimelist.net/images/anime/2/25293.jpg"
836,"https://cdn.myanimelist.net/images/anime/5/23692.jpg"
837,"https://cdn.myanimelist.net/images/anime/6/42631.jpg"
838,"https://cdn.myanimelist.net/images/anime/10/12023.jpg"
839,"https://cdn.myanimelist.net/images/anime/2/2959.jpg"
840,"https://cdn.myanimelist.net/images/anime/7/19048.jpg"
841,"https://cdn.myanimelist.net/images/anime/8/19229.jpg"
842,"https://cdn.myanimelist.net/images/anime/1582/127097.jpg"
844,"https://cdn.myanimelist.net/images/anime/5/15308.jpg"
845,"https://cdn.myanimelist.net/images/anime/1522/114250.jpg"
846,"https://cdn.myanimelist.net/images/anime/5/75490.jpg"
848,"https://cdn.myanimelist.net/images/anime/9/8506.jpg"
849,"https://cdn.myanimelist.net/images/anime/5/75901.jpg"
850,"https://cdn.myanimelist.net/images/anime/12/70143.jpg"
851,"https://cdn.myanimelist.net/images/anime/1042/110294.jpg"
852,"https://cdn.myanimelist.net/images/anime/11/18195.jpg"
853,"https://cdn.myanimelist.net/images/anime/2/71992.jpg"
854,"https://cdn.myanimelist.net/images/anime/1730/133955.jpg"
855,"https://cdn.myanimelist.net/images/anime/1699/110686.jpg"
856,"https://cdn.myanimelist.net/images/anime/1119/118609.jpg"
857,"https://cdn.myanimelist.net/images/anime/11/18227.jpg"
858,"https://cdn.myanimelist.net/images/anime/9/9074.jpg"
859,"https://cdn.myanimelist.net/images/anime/1415/100541.jpg"
860,"https://cdn.myanimelist.net/images/anime/11/20439.jpg"
861,"https://cdn.myanimelist.net/images/anime/5/21858.jpg"
863,"https://cdn.myanimelist.net/images/anime/5/23224.jpg"
864,"https://cdn.myanimelist.net/images/anime/1/864.jpg"
865,"https://cdn.myanimelist.net/images/anime/13/11236.jpg"
866,"https://cdn.myanimelist.net/images/anime/2/20969.jpg"
867,"https://cdn.myanimelist.net/images/anime/5/34991.jpg"
868,"https://cdn.myanimelist.net/images/anime/4/13097.jpg"
869,"https://cdn.myanimelist.net/images/anime/9/34997.jpg"
870,"https://cdn.myanimelist.net/images/anime/1558/97694.jpg"
872,"https://cdn.myanimelist.net/images/anime/10/57287.jpg"
873,"https://cdn.myanimelist.net/images/anime/3/13050.jpg"
874,"https://cdn.myanimelist.net/images/anime/7/73696.jpg"
875,"https://cdn.myanimelist.net/images/anime/1861/112656.jpg"
876,"https://cdn.myanimelist.net/images/anime/6/29992.jpg"
877,"https://cdn.myanimelist.net/images/anime/2/11232.jpg"
878,"https://cdn.myanimelist.net/images/anime/6/76949.jpg"
879,"https://cdn.myanimelist.net/images/anime/9/29109.jpg"
880,"https://cdn.myanimelist.net/images/anime/4/78931.jpg"
881,"https://cdn.myanimelist.net/images/anime/12/20157.jpg"
882,"https://cdn.myanimelist.net/images/anime/1807/125752.jpg"
883,"https://cdn.myanimelist.net/images/anime/11/14592.jpg"
884,"https://cdn.myanimelist.net/images/anime/6/23992.jpg"
885,"https://cdn.myanimelist.net/images/anime/11/63181.jpg"
886,"https://cdn.myanimelist.net/images/anime/2/15153.jpg"
887,"https://cdn.myanimelist.net/images/anime/10/2609.jpg"
888,"https://cdn.myanimelist.net/images/anime/11/75472.jpg"
889,"https://cdn.myanimelist.net/images/anime/1906/121592.jpg"
890,"https://cdn.myanimelist.net/images/anime/12/21183.jpg"
891,"https://cdn.myanimelist.net/images/anime/1220/121989.jpg"
892,"https://cdn.myanimelist.net/images/anime/1825/90341.jpg"
893,"https://cdn.myanimelist.net/images/anime/1497/93677.jpg"
894,"https://cdn.myanimelist.net/images/anime/1258/90343.jpg"
895,"https://cdn.myanimelist.net/images/anime/1017/90344.jpg"
896,"https://cdn.myanimelist.net/images/anime/1956/90345.jpg"
897,"https://cdn.myanimelist.net/images/anime/1620/93667.jpg"
898,"https://cdn.myanimelist.net/images/anime/1113/121523.jpg"
899,"https://cdn.myanimelist.net/images/anime/1007/93669.jpg"
900,"https://cdn.myanimelist.net/images/anime/1723/93670.jpg"
901,"https://cdn.myanimelist.net/images/anime/1451/121524.jpg"
902,"https://cdn.myanimelist.net/images/anime/1730/93672.jpg"
903,"https://cdn.myanimelist.net/images/anime/1191/93673.jpg"
904,"https://cdn.myanimelist.net/images/anime/1035/93674.jpg"
905,"https://cdn.myanimelist.net/images/anime/1015/93675.jpg"
906,"https://cdn.myanimelist.net/images/anime/1704/93676.jpg"
907,"https://cdn.myanimelist.net/images/anime/13/75530.jpg"
908,"https://cdn.myanimelist.net/images/anime/10/18689.jpg"
909,"https://cdn.myanimelist.net/images/anime/8/76287.jpg"
910,"https://cdn.myanimelist.net/images/anime/3/10221.jpg"
911,"https://cdn.myanimelist.net/images/anime/1459/95423.jpg"
912,"https://cdn.myanimelist.net/images/anime/1933/98140.jpg"
913,"https://cdn.myanimelist.net/images/anime/7/2768.jpg"
914,"https://cdn.myanimelist.net/images/anime/10/25459.jpg"
915,"https://cdn.myanimelist.net/images/anime/5/74037.jpg"
916,"https://cdn.myanimelist.net/images/anime/8/18280.jpg"
917,"https://cdn.myanimelist.net/images/anime/1310/112637.jpg"
918,"https://cdn.myanimelist.net/images/anime/10/73274.jpg"
919,"https://cdn.myanimelist.net/images/anime/11/33315.jpg"
920,"https://cdn.myanimelist.net/images/anime/4/72857.jpg"
921,"https://cdn.myanimelist.net/images/anime/13/46145.jpg"
924,"https://cdn.myanimelist.net/images/anime/1437/92789.jpg"
925,"https://cdn.myanimelist.net/images/anime/1535/99038.jpg"
926,"https://cdn.myanimelist.net/images/anime/1182/92790.jpg"
927,"https://cdn.myanimelist.net/images/anime/11/73878.jpg"
928,"https://cdn.myanimelist.net/images/anime/6/87406.jpg"
929,"https://cdn.myanimelist.net/images/anime/1562/94955.jpg"
930,"https://cdn.myanimelist.net/images/anime/4/77068.jpg"
932,"https://cdn.myanimelist.net/images/anime/13/25256.jpg"
933,"https://cdn.myanimelist.net/images/anime/1349/103321.jpg"
934,"https://cdn.myanimelist.net/images/anime/12/19634.jpg"
935,"https://cdn.myanimelist.net/images/anime/1/935.jpg"
936,"https://cdn.myanimelist.net/images/anime/1114/134485.jpg"
937,"https://cdn.myanimelist.net/images/anime/1512/107901.jpg"
938,"https://cdn.myanimelist.net/images/anime/9/89851.jpg"
940,"https://cdn.myanimelist.net/images/anime/1405/110246.jpg"
941,"https://cdn.myanimelist.net/images/anime/6/75229.jpg"
942,"https://cdn.myanimelist.net/images/anime/9/75549.jpg"
943,"https://cdn.myanimelist.net/images/anime/12/46721.jpg"
944,"https://cdn.myanimelist.net/images/anime/12/75545.jpg"
949,"https://cdn.myanimelist.net/images/anime/1303/92309.jpg"
950,"https://cdn.myanimelist.net/images/anime/2/3455.jpg"
951,"https://cdn.myanimelist.net/images/anime/7/22476.jpg"
952,"https://cdn.myanimelist.net/images/anime/1/952.jpg"
953,"https://cdn.myanimelist.net/images/anime/3/14079.jpg"
956,"https://cdn.myanimelist.net/images/anime/1196/134634.jpg"
957,"https://cdn.myanimelist.net/images/anime/1/957.jpg"
958,"https://cdn.myanimelist.net/images/anime/10/76288.jpg"
959,"https://cdn.myanimelist.net/images/anime/11/56623.jpg"
960,"https://cdn.myanimelist.net/images/anime/10/4622.jpg"
961,"https://cdn.myanimelist.net/images/anime/1234/110241.jpg"
962,"https://cdn.myanimelist.net/images/anime/2/77621.jpg"
963,"https://cdn.myanimelist.net/images/anime/10/82631.jpg"
964,"https://cdn.myanimelist.net/images/anime/10/75237.jpg"
965,"https://cdn.myanimelist.net/images/anime/1259/134889.jpg"
966,"https://cdn.myanimelist.net/images/anime/10/59897.jpg"
967,"https://cdn.myanimelist.net/images/anime/8/18502.jpg"
968,"https://cdn.myanimelist.net/images/anime/6/23598.jpg"
969,"https://cdn.myanimelist.net/images/anime/4/6554.jpg"
970,"https://cdn.myanimelist.net/images/anime/9/76348.jpg"
971,"https://cdn.myanimelist.net/images/anime/1611/94026.jpg"
972,"https://cdn.myanimelist.net/images/anime/10/70481.jpg"
973,"https://cdn.myanimelist.net/images/anime/2/75835.jpg"
974,"https://cdn.myanimelist.net/images/anime/1827/112657.jpg"
975,"https://cdn.myanimelist.net/images/anime/6/23054.jpg"
976,"https://cdn.myanimelist.net/images/anime/6/23055.jpg"
977,"https://cdn.myanimelist.net/images/anime/6/26018.jpg"
978,"https://cdn.myanimelist.net/images/anime/4/23767.jpg"
979,"https://cdn.myanimelist.net/images/anime/1138/107135.jpg"
980,"https://cdn.myanimelist.net/images/anime/10/75213.jpg"
981,"https://cdn.myanimelist.net/images/anime/1562/126978.jpg"
982,"https://cdn.myanimelist.net/images/anime/13/19185.jpg"
983,"https://cdn.myanimelist.net/images/anime/11/59969.jpg"
984,"https://cdn.myanimelist.net/images/anime/1021/116787.jpg"
985,"https://cdn.myanimelist.net/images/anime/7/10207.jpg"
986,"https://cdn.myanimelist.net/images/anime/8/3303.jpg"
987,"https://cdn.myanimelist.net/images/anime/1128/121990.jpg"
988,"https://cdn.myanimelist.net/images/anime/13/78564.jpg"
989,"https://cdn.myanimelist.net/images/anime/3/9393.jpg"
990,"https://cdn.myanimelist.net/images/anime/6/2566.jpg"
991,"https://cdn.myanimelist.net/images/anime/12/2999.jpg"
992,"https://cdn.myanimelist.net/images/anime/8/31223.jpg"
993,"https://cdn.myanimelist.net/images/anime/4/26319.jpg"
994,"https://cdn.myanimelist.net/images/anime/13/53735.jpg"
995,"https://cdn.myanimelist.net/images/anime/12/10572.jpg"
996,"https://cdn.myanimelist.net/images/anime/1645/105992.jpg"
997,"https://cdn.myanimelist.net/images/anime/1601/98566.jpg"
998,"https://cdn.myanimelist.net/images/anime/2/14047.jpg"
999,"https://cdn.myanimelist.net/images/anime/7/2871.jpg"
1000,"https://cdn.myanimelist.net/images/anime/1362/90305.jpg"
1001,"https://cdn.myanimelist.net/images/anime/3/21407.jpg"
1002,"https://cdn.myanimelist.net/images/anime/7/50475.jpg"
1003,"https://cdn.myanimelist.net/images/anime/2/17893.jpg"
1004,"https://cdn.myanimelist.net/images/anime/11/73498.jpg"
1005,"https://cdn.myanimelist.net/images/anime/1515/94058.jpg"
1006,"https://cdn.myanimelist.net/images/anime/1543/92823.jpg"
1007,"https://cdn.myanimelist.net/images/anime/12/63459.jpg"
1008,"https://cdn.myanimelist.net/images/anime/11/63453.jpg"
1009,"https://cdn.myanimelist.net/images/anime/4/64045.jpg"
1010,"https://cdn.myanimelist.net/images/anime/1985/107722.jpg"
1011,"https://cdn.myanimelist.net/images/anime/1071/94957.jpg"
1012,"https://cdn.myanimelist.net/images/anime/7/33729.jpg"
1013,"https://cdn.myanimelist.net/images/anime/8/74930.jpg"
1014,"https://cdn.myanimelist.net/images/anime/12/23190.jpg"
1015,"https://cdn.myanimelist.net/images/anime/3/23458.jpg"
1016,"https://cdn.myanimelist.net/images/anime/11/41257.jpg"
1017,"https://cdn.myanimelist.net/images/anime/13/61839.jpg"
1018,"https://cdn.myanimelist.net/images/anime/8/61841.jpg"
1019,"https://cdn.myanimelist.net/images/anime/3/22614.jpg"
1020,"https://cdn.myanimelist.net/images/anime/10/24778.jpg"
1021,"https://cdn.myanimelist.net/images/anime/1625/114978.jpg"
1022,"https://cdn.myanimelist.net/images/anime/2/19006.jpg"
1023,"https://cdn.myanimelist.net/images/anime/1091/134883.jpg"
1024,"https://cdn.myanimelist.net/images/anime/5/15408.jpg"
1025,"https://cdn.myanimelist.net/images/anime/1957/106044.jpg"
1026,"https://cdn.myanimelist.net/images/anime/1531/99294.jpg"
1027,"https://cdn.myanimelist.net/images/anime/1091/94164.jpg"
1028,"https://cdn.myanimelist.net/images/anime/10/4327.jpg"
1029,"https://cdn.myanimelist.net/images/anime/1967/112659.jpg"
1030,"https://cdn.myanimelist.net/images/anime/11/75925.jpg"
1031,"https://cdn.myanimelist.net/images/anime/8/24282.jpg"
1032,"https://cdn.myanimelist.net/images/anime/2/43205.jpg"
1033,"https://cdn.myanimelist.net/images/anime/1648/93626.jpg"
1034,"https://cdn.myanimelist.net/images/anime/1811/112663.jpg"
1035,"https://cdn.myanimelist.net/images/anime/6/3887.jpg"
1036,"https://cdn.myanimelist.net/images/anime/7/77669.jpg"
1037,"https://cdn.myanimelist.net/images/anime/11/23705.jpg"
1038,"https://cdn.myanimelist.net/images/anime/12/9394.jpg"
1039,"https://cdn.myanimelist.net/images/anime/13/49473.jpg"
1040,"https://cdn.myanimelist.net/images/anime/1151/133513.jpg"
1041,"https://cdn.myanimelist.net/images/anime/1998/116562.jpg"
1042,"https://cdn.myanimelist.net/images/anime/5/73227.jpg"
1043,"https://cdn.myanimelist.net/images/anime/12/20546.jpg"
1044,"https://cdn.myanimelist.net/images/anime/1791/100508.jpg"
1045,"https://cdn.myanimelist.net/images/anime/13/74219.jpg"
1046,"https://cdn.myanimelist.net/images/anime/1919/92736.jpg"
1047,"https://cdn.myanimelist.net/images/anime/10/81234.jpg"
1048,"https://cdn.myanimelist.net/images/anime/9/11004.jpg"
1049,"https://cdn.myanimelist.net/images/anime/9/36627.jpg"
1050,"https://cdn.myanimelist.net/images/anime/6/44540.jpg"
1051,"https://cdn.myanimelist.net/images/anime/3/20750.jpg"
1052,"https://cdn.myanimelist.net/images/anime/1534/100531.jpg"
1053,"https://cdn.myanimelist.net/images/anime/1762/112262.jpg"
1055,"https://cdn.myanimelist.net/images/anime/2/2713.jpg"
1056,"https://cdn.myanimelist.net/images/anime/1387/134249.jpg"
1057,"https://cdn.myanimelist.net/images/anime/6/34133.jpg"
1058,"https://cdn.myanimelist.net/images/anime/2/29756.jpg"
1059,"https://cdn.myanimelist.net/images/anime/12/44255.jpg"
1060,"https://cdn.myanimelist.net/images/anime/4/79591.jpg"
1062,"https://cdn.myanimelist.net/images/anime/7/3818.jpg"
1064,"https://cdn.myanimelist.net/images/anime/1041/106091.jpg"
1065,"https://cdn.myanimelist.net/images/anime/3/53087.jpg"
1066,"https://cdn.myanimelist.net/images/anime/7/16951.jpg"
1067,"https://cdn.myanimelist.net/images/anime/1/1067.jpg"
1068,"https://cdn.myanimelist.net/images/anime/1262/96449.jpg"
1069,"https://cdn.myanimelist.net/images/anime/10/57603.jpg"
1070,"https://cdn.myanimelist.net/images/anime/11/52613.jpg"
1071,"https://cdn.myanimelist.net/images/anime/8/4682.jpg"
1072,"https://cdn.myanimelist.net/images/anime/5/10292.jpg"
1074,"https://cdn.myanimelist.net/images/anime/10/11244.jpg"
1075,"https://cdn.myanimelist.net/images/anime/9/27246.jpg"
1076,"https://cdn.myanimelist.net/images/anime/1409/99277.jpg"
1078,"https://cdn.myanimelist.net/images/anime/13/28850.jpg"
1079,"https://cdn.myanimelist.net/images/anime/1398/94072.jpg"
1080,"https://cdn.myanimelist.net/images/anime/7/32707.jpg"
1081,"https://cdn.myanimelist.net/images/anime/1543/106174.jpg"
1082,"https://cdn.myanimelist.net/images/anime/7/49131.jpg"
1083,"https://cdn.myanimelist.net/images/anime/10/13113.jpg"
1084,"https://cdn.myanimelist.net/images/anime/1/1084.jpg"
1085,"https://cdn.myanimelist.net/images/anime/2/75602.jpg"
1086,"https://cdn.myanimelist.net/images/anime/9/74046.jpg"
1087,"https://cdn.myanimelist.net/images/anime/1069/131408.jpg"
1088,"https://cdn.myanimelist.net/images/anime/1/2441.jpg"
1089,"https://cdn.myanimelist.net/images/anime/1080/107017.jpg"
1090,"https://cdn.myanimelist.net/images/anime/1915/128896.jpg"
1091,"https://cdn.myanimelist.net/images/anime/4/75773.jpg"
1092,"https://cdn.myanimelist.net/images/anime/5/75774.jpg"
1093,"https://cdn.myanimelist.net/images/anime/1681/109663.jpg"
1094,"https://cdn.myanimelist.net/images/anime/6/20923.jpg"
1095,"https://cdn.myanimelist.net/images/anime/5/74786.jpg"
1096,"https://cdn.myanimelist.net/images/anime/6/74764.jpg"
1097,"https://cdn.myanimelist.net/images/anime/6/75503.jpg"
1098,"https://cdn.myanimelist.net/images/anime/8/15419.jpg"
1099,"https://cdn.myanimelist.net/images/anime/10/85750.jpg"
1100,"https://cdn.myanimelist.net/images/anime/1728/133610.jpg"
1101,"https://cdn.myanimelist.net/images/anime/8/61319.jpg"
1102,"https://cdn.myanimelist.net/images/anime/4/33543.jpg"
1103,"https://cdn.myanimelist.net/images/anime/11/75451.jpg"
1104,"https://cdn.myanimelist.net/images/anime/7/50669.jpg"
1105,"https://cdn.myanimelist.net/images/anime/12/17437.jpg"
1106,"https://cdn.myanimelist.net/images/anime/7/10210.jpg"
1107,"https://cdn.myanimelist.net/images/anime/2/50021.jpg"
1108,"https://cdn.myanimelist.net/images/anime/1004/94169.jpg"
1109,"https://cdn.myanimelist.net/images/anime/5/10372.jpg"
1110,"https://cdn.myanimelist.net/images/anime/11/9778.jpg"
1111,"https://cdn.myanimelist.net/images/anime/13/23643.jpg"
1112,"https://cdn.myanimelist.net/images/anime/10/75448.jpg"
1113,"https://cdn.myanimelist.net/images/anime/4/41603.jpg"
1115,"https://cdn.myanimelist.net/images/anime/10/34835.jpg"
1116,"https://cdn.myanimelist.net/images/anime/1343/100456.jpg"
1117,"https://cdn.myanimelist.net/images/anime/11/41801.jpg"
1118,"https://cdn.myanimelist.net/images/anime/7/80288.jpg"
1119,"https://cdn.myanimelist.net/images/anime/2/41799.jpg"
1120,"https://cdn.myanimelist.net/images/anime/2/21317.jpg"
1121,"https://cdn.myanimelist.net/images/anime/13/75733.jpg"
1122,"https://cdn.myanimelist.net/images/anime/9/21313.jpg"
1123,"https://cdn.myanimelist.net/images/anime/4/21570.jpg"
1124,"https://cdn.myanimelist.net/images/anime/12/61103.jpg"
1126,"https://cdn.myanimelist.net/images/anime/1862/133787.jpg"
1127,"https://cdn.myanimelist.net/images/anime/1787/133829.jpg"
1128,"https://cdn.myanimelist.net/images/anime/8/22374.jpg"
1129,"https://cdn.myanimelist.net/images/anime/1915/133830.jpg"
1130,"https://cdn.myanimelist.net/images/anime/12/25497.jpg"
1132,"https://cdn.myanimelist.net/images/anime/1048/117727.jpg"
1133,"https://cdn.myanimelist.net/images/anime/2/20295.jpg"
1135,"https://cdn.myanimelist.net/images/anime/12/46865.jpg"
1136,"https://cdn.myanimelist.net/images/anime/1157/91069.jpg"
1137,"https://cdn.myanimelist.net/images/anime/4/87702.jpg"
1138,"https://cdn.myanimelist.net/images/anime/1778/133514.jpg"
1139,"https://cdn.myanimelist.net/images/anime/10/87838.jpg"
1140,"https://cdn.myanimelist.net/images/anime/9/83824.jpg"
1141,"https://cdn.myanimelist.net/images/anime/12/12909.jpg"
1142,"https://cdn.myanimelist.net/images/anime/6/11040.jpg"
1143,"https://cdn.myanimelist.net/images/anime/1844/131542.jpg"
1144,"https://cdn.myanimelist.net/images/anime/6/61773.jpg"
1145,"https://cdn.myanimelist.net/images/anime/2/67573.jpg"
1146,"https://cdn.myanimelist.net/images/anime/1357/95308.jpg"
1147,"https://cdn.myanimelist.net/images/anime/9/23557.jpg"
1148,"https://cdn.myanimelist.net/images/anime/3/88664.jpg"
1149,"https://cdn.myanimelist.net/images/anime/11/75167.jpg"
1150,"https://cdn.myanimelist.net/images/anime/9/2764.jpg"
1151,"https://cdn.myanimelist.net/images/anime/1450/110634.jpg"
1152,"https://cdn.myanimelist.net/images/anime/1195/110635.jpg"
1153,"https://cdn.myanimelist.net/images/anime/13/37721.jpg"
1154,"https://cdn.myanimelist.net/images/anime/12/68115.jpg"
1155,"https://cdn.myanimelist.net/images/anime/5/20564.jpg"
1156,"https://cdn.myanimelist.net/images/anime/1610/94731.jpg"
1157,"https://cdn.myanimelist.net/images/anime/9/20919.jpg"
1158,"https://cdn.myanimelist.net/images/anime/3/28188.jpg"
1159,"https://cdn.myanimelist.net/images/anime/6/6610.jpg"
1160,"https://cdn.myanimelist.net/images/anime/1938/112269.jpg"
1161,"https://cdn.myanimelist.net/images/anime/4/20383.jpg"
1162,"https://cdn.myanimelist.net/images/anime/4/6944.jpg"
1163,"https://cdn.myanimelist.net/images/anime/1914/127616.jpg"
1164,"https://cdn.myanimelist.net/images/anime/9/14045.jpg"
1165,"https://cdn.myanimelist.net/images/anime/7/15969.jpg"
1166,"https://cdn.myanimelist.net/images/anime/9/25433.jpg"
1167,"https://cdn.myanimelist.net/images/anime/11/3796.jpg"
1168,"https://cdn.myanimelist.net/images/anime/5/30471.jpg"
1169,"https://cdn.myanimelist.net/images/anime/1882/96360.jpg"
1170,"https://cdn.myanimelist.net/images/anime/1372/92532.jpg"
1171,"https://cdn.myanimelist.net/images/anime/8/34993.jpg"
1172,"https://cdn.myanimelist.net/images/anime/10/50875.jpg"
1174,"https://cdn.myanimelist.net/images/anime/1134/114560.jpg"
1175,"https://cdn.myanimelist.net/images/anime/1160/97198.jpg"
1176,"https://cdn.myanimelist.net/images/anime/2/6215.jpg"
1177,"https://cdn.myanimelist.net/images/anime/7/2607.jpg"
1178,"https://cdn.myanimelist.net/images/anime/1172/92855.jpg"
1179,"https://cdn.myanimelist.net/images/anime/10/75379.jpg"
1180,"https://cdn.myanimelist.net/images/anime/1401/119360.jpg"
1181,"https://cdn.myanimelist.net/images/anime/1775/92278.jpg"
1182,"https://cdn.myanimelist.net/images/anime/1408/94311.jpg"
1183,"https://cdn.myanimelist.net/images/anime/6/20912.jpg"
1184,"https://cdn.myanimelist.net/images/anime/3/20409.jpg"
1185,"https://cdn.myanimelist.net/images/anime/5/83761.jpg"
1186,"https://cdn.myanimelist.net/images/anime/1203/117431.jpg"
1187,"https://cdn.myanimelist.net/images/anime/7/4537.jpg"
1188,"https://cdn.myanimelist.net/images/anime/7/15422.jpg"
1189,"https://cdn.myanimelist.net/images/anime/1770/100142.jpg"
1190,"https://cdn.myanimelist.net/images/anime/10/4471.jpg"
1191,"https://cdn.myanimelist.net/images/anime/9/61135.jpg"
1192,"https://cdn.myanimelist.net/images/anime/1799/112887.jpg"
1193,"https://cdn.myanimelist.net/images/anime/12/5509.jpg"
1194,"https://cdn.myanimelist.net/images/anime/1286/132736.jpg"
1195,"https://cdn.myanimelist.net/images/anime/8/20680.jpg"
1196,"https://cdn.myanimelist.net/images/anime/12/3537.jpg"
1198,"https://cdn.myanimelist.net/images/anime/4/14108.jpg"
1199,"https://cdn.myanimelist.net/images/anime/6/74028.jpg"
1200,"https://cdn.myanimelist.net/images/anime/3/28268.jpg"
1202,"https://cdn.myanimelist.net/images/anime/4/19950.jpg"
1203,"https://cdn.myanimelist.net/images/anime/6/14630.jpg"
1204,"https://cdn.myanimelist.net/images/anime/1022/112889.jpg"
1205,"https://cdn.myanimelist.net/images/anime/1/2291.jpg"
1206,"https://cdn.myanimelist.net/images/anime/5/57331.jpg"
1207,"https://cdn.myanimelist.net/images/anime/11/13204.jpg"
1208,"https://cdn.myanimelist.net/images/anime/1874/112893.jpg"
1209,"https://cdn.myanimelist.net/images/anime/1006/133560.jpg"
1210,"https://cdn.myanimelist.net/images/anime/3/52675.jpg"
1211,"https://cdn.myanimelist.net/images/anime/1651/103111.jpg"
1212,"https://cdn.myanimelist.net/images/anime/12/3702.jpg"
1214,"https://cdn.myanimelist.net/images/anime/1959/108682.jpg"
1215,"https://cdn.myanimelist.net/images/anime/1013/91082.jpg"
1216,"https://cdn.myanimelist.net/images/anime/1/1216.jpg"
1217,"https://cdn.myanimelist.net/images/anime/13/72910.jpg"
1218,"https://cdn.myanimelist.net/images/anime/1/1218.jpg"
1219,"https://cdn.myanimelist.net/images/anime/7/16825.jpg"
1220,"https://cdn.myanimelist.net/images/anime/1167/116430.jpg"
1221,"https://cdn.myanimelist.net/images/anime/12/3253.jpg"
1222,"https://cdn.myanimelist.net/images/anime/12/25754.jpg"
1223,"https://cdn.myanimelist.net/images/anime/8/23180.jpg"
1224,"https://cdn.myanimelist.net/images/anime/4/21141.jpg"
1225,"https://cdn.myanimelist.net/images/anime/1288/120666.jpg"
1226,"https://cdn.myanimelist.net/images/anime/1578/117541.jpg"
1227,"https://cdn.myanimelist.net/images/anime/9/18492.jpg"
1228,"https://cdn.myanimelist.net/images/anime/5/3368.jpg"
1230,"https://cdn.myanimelist.net/images/anime/1104/131282.jpg"
1231,"https://cdn.myanimelist.net/images/anime/1773/94167.jpg"
1232,"https://cdn.myanimelist.net/images/anime/1754/135422.jpg"
1233,"https://cdn.myanimelist.net/images/anime/1306/100405.jpg"
1234,"https://cdn.myanimelist.net/images/anime/12/2903.jpg"
1235,"https://cdn.myanimelist.net/images/anime/1/1235.jpg"
1236,"https://cdn.myanimelist.net/images/anime/8/45698.jpg"
1237,"https://cdn.myanimelist.net/images/anime/6/20850.jpg"
1238,"https://cdn.myanimelist.net/images/anime/5/77108.jpg"
1239,"https://cdn.myanimelist.net/images/anime/1600/92253.jpg"
1240,"https://cdn.myanimelist.net/images/anime/1952/117493.jpg"
1241,"https://cdn.myanimelist.net/images/anime/4/80397.jpg"
1243,"https://cdn.myanimelist.net/images/anime/1208/111006.jpg"
1244,"https://cdn.myanimelist.net/images/anime/1837/97239.jpg"
1245,"https://cdn.myanimelist.net/images/anime/5/4277.jpg"
1246,"https://cdn.myanimelist.net/images/anime/13/55523.jpg"
1247,"https://cdn.myanimelist.net/images/anime/2/34565.jpg"
1248,"https://cdn.myanimelist.net/images/anime/1236/91066.jpg"
1249,"https://cdn.myanimelist.net/images/anime/1099/91067.jpg"
1250,"https://cdn.myanimelist.net/images/anime/2/79163.jpg"
1251,"https://cdn.myanimelist.net/images/anime/1750/118570.jpg"
1252,"https://cdn.myanimelist.net/images/anime/7/3234.jpg"
1253,"https://cdn.myanimelist.net/images/anime/12/75732.jpg"
1254,"https://cdn.myanimelist.net/images/anime/1180/133782.jpg"
1255,"https://cdn.myanimelist.net/images/anime/11/52889.jpg"
1256,"https://cdn.myanimelist.net/images/anime/1083/122028.jpg"
1257,"https://cdn.myanimelist.net/images/anime/1182/122016.jpg"
1258,"https://cdn.myanimelist.net/images/anime/1680/97668.jpg"
1259,"https://cdn.myanimelist.net/images/anime/5/5952.jpg"
1260,"https://cdn.myanimelist.net/images/anime/1128/122022.jpg"
1261,"https://cdn.myanimelist.net/images/anime/1380/100202.jpg"
1262,"https://cdn.myanimelist.net/images/anime/9/61069.jpg"
1263,"https://cdn.myanimelist.net/images/anime/8/41613.jpg"
1264,"https://cdn.myanimelist.net/images/anime/1855/92738.jpg"
1265,"https://cdn.myanimelist.net/images/anime/1484/92210.jpg"
1266,"https://cdn.myanimelist.net/images/anime/1504/92211.jpg"
1267,"https://cdn.myanimelist.net/images/anime/1754/94191.jpg"
1268,"https://cdn.myanimelist.net/images/anime/3/61595.jpg"
1269,"https://cdn.myanimelist.net/images/anime/11/17896.jpg"
1270,"https://cdn.myanimelist.net/images/anime/1645/94523.jpg"
1271,"https://cdn.myanimelist.net/images/anime/1159/100238.jpg"
1272,"https://cdn.myanimelist.net/images/anime/1044/104058.jpg"
1273,"https://cdn.myanimelist.net/images/anime/11/85955.jpg"
1274,"https://cdn.myanimelist.net/images/anime/1318/104057.jpg"
1275,"https://cdn.myanimelist.net/images/anime/1540/116121.jpg"
1276,"https://cdn.myanimelist.net/images/anime/9/23207.jpg"
1277,"https://cdn.myanimelist.net/images/anime/1984/110828.jpg"
1278,"https://cdn.myanimelist.net/images/anime/10/68371.jpg"
1279,"https://cdn.myanimelist.net/images/anime/1936/134369.jpg"
1280,"https://cdn.myanimelist.net/images/anime/1276/97039.jpg"
1281,"https://cdn.myanimelist.net/images/anime/1414/112029.jpg"
1283,"https://cdn.myanimelist.net/images/anime/1491/96516.jpg"
1284,"https://cdn.myanimelist.net/images/anime/1936/93963.jpg"
1285,"https://cdn.myanimelist.net/images/anime/4/21433.jpg"
1286,"https://cdn.myanimelist.net/images/anime/1351/96371.jpg"
1287,"https://cdn.myanimelist.net/images/anime/1093/112894.jpg"
1288,"https://cdn.myanimelist.net/images/anime/11/24151.jpg"
1289,"https://cdn.myanimelist.net/images/anime/1602/134832.jpg"
1290,"https://cdn.myanimelist.net/images/anime/1/1290.jpg"
1292,"https://cdn.myanimelist.net/images/anime/3/15874.jpg"
1293,"https://cdn.myanimelist.net/images/anime/9/17573.jpg"
1295,"https://cdn.myanimelist.net/images/anime/2/41427.jpg"
1296,"https://cdn.myanimelist.net/images/anime/1387/114803.jpg"
1297,"https://cdn.myanimelist.net/images/anime/1688/116943.jpg"
1298,"https://cdn.myanimelist.net/images/anime/13/29212.jpg"
1299,"https://cdn.myanimelist.net/images/anime/1274/90483.jpg"
1300,"https://cdn.myanimelist.net/images/anime/13/14714.jpg"
1301,"https://cdn.myanimelist.net/images/anime/3/50505.jpg"
1302,"https://cdn.myanimelist.net/images/anime/1774/93957.jpg"
1303,"https://cdn.myanimelist.net/images/anime/3/75870.jpg"
1311,"https://cdn.myanimelist.net/images/anime/10/22857.jpg"
1312,"https://cdn.myanimelist.net/images/anime/1969/94093.jpg"
1313,"https://cdn.myanimelist.net/images/anime/8/20360.jpg"
1314,"https://cdn.myanimelist.net/images/anime/1935/94098.jpg"
1316,"https://cdn.myanimelist.net/images/anime/1691/133569.jpg"
1317,"https://cdn.myanimelist.net/images/anime/6/6087.jpg"
1324,"https://cdn.myanimelist.net/images/anime/3/62449.jpg"
1325,"https://cdn.myanimelist.net/images/anime/7/20972.jpg"
1327,"https://cdn.myanimelist.net/images/anime/3/75214.jpg"
1328,"https://cdn.myanimelist.net/images/anime/1577/99202.jpg"
1329,"https://cdn.myanimelist.net/images/anime/4/85355.jpg"
1331,"https://cdn.myanimelist.net/images/anime/4/62813.jpg"
1332,"https://cdn.myanimelist.net/images/anime/2/62811.jpg"
1333,"https://cdn.myanimelist.net/images/anime/2/4322.jpg"
1335,"https://cdn.myanimelist.net/images/anime/12/4166.jpg"
1336,"https://cdn.myanimelist.net/images/anime/1833/92279.jpg"
1337,"https://cdn.myanimelist.net/images/anime/9/28204.jpg"
1338,"https://cdn.myanimelist.net/images/anime/6/22243.jpg"
1339,"https://cdn.myanimelist.net/images/anime/1505/103904.jpg"
1340,"https://cdn.myanimelist.net/images/anime/12/66755.jpg"
1341,"https://cdn.myanimelist.net/images/anime/1152/121840.jpg"
1342,"https://cdn.myanimelist.net/images/anime/13/12874.jpg"
1343,"https://cdn.myanimelist.net/images/anime/1/2384.jpg"
1344,"https://cdn.myanimelist.net/images/anime/1150/92809.jpg"
1345,"https://cdn.myanimelist.net/images/anime/10/27271.jpg"
1346,"https://cdn.myanimelist.net/images/anime/13/2851.jpg"
1347,"https://cdn.myanimelist.net/images/anime/5/27361.jpg"
1348,"https://cdn.myanimelist.net/images/anime/11/2845.jpg"
1349,"https://cdn.myanimelist.net/images/anime/2/15440.jpg"
1350,"https://cdn.myanimelist.net/images/anime/1396/103207.jpg"
1351,"https://cdn.myanimelist.net/images/anime/1377/110296.jpg"
1352,"https://cdn.myanimelist.net/images/anime/8/58763.jpg"
1353,"https://cdn.myanimelist.net/images/anime/1971/119708.jpg"
1355,"https://cdn.myanimelist.net/images/anime/8/61777.jpg"
1356,"https://cdn.myanimelist.net/images/anime/11/4120.jpg"
1357,"https://cdn.myanimelist.net/images/anime/6/2901.jpg"
1358,"https://cdn.myanimelist.net/images/anime/2/25067.jpg"
1359,"https://cdn.myanimelist.net/images/anime/1724/113147.jpg"
1360,"https://cdn.myanimelist.net/images/anime/12/37381.jpg"
1361,"https://cdn.myanimelist.net/images/anime/9/51625.jpg"
1362,"https://cdn.myanimelist.net/images/anime/8/76411.jpg"
1363,"https://cdn.myanimelist.net/images/anime/1196/94319.jpg"
1364,"https://cdn.myanimelist.net/images/anime/1144/92654.jpg"
1365,"https://cdn.myanimelist.net/images/anime/1400/94320.jpg"
1366,"https://cdn.myanimelist.net/images/anime/10/20984.jpg"
1367,"https://cdn.myanimelist.net/images/anime/2/20982.jpg"
1368,"https://cdn.myanimelist.net/images/anime/10/31137.jpg"
1369,"https://cdn.myanimelist.net/images/anime/1029/125693.jpg"
1370,"https://cdn.myanimelist.net/images/anime/1845/112896.jpg"
1371,"https://cdn.myanimelist.net/images/anime/6/3622.jpg"
1372,"https://cdn.myanimelist.net/images/anime/4/16767.jpg"
1373,"https://cdn.myanimelist.net/images/anime/1879/120375.jpg"
1374,"https://cdn.myanimelist.net/images/anime/6/3697.jpg"
1375,"https://cdn.myanimelist.net/images/anime/1969/98819.jpg"
1376,"https://cdn.myanimelist.net/images/anime/1986/99238.jpg"
1377,"https://cdn.myanimelist.net/images/anime/12/6787.jpg"
1378,"https://cdn.myanimelist.net/images/anime/1358/97131.jpg"
1379,"https://cdn.myanimelist.net/images/anime/5/73888.jpg"
1380,"https://cdn.myanimelist.net/images/anime/4/15774.jpg"
1381,"https://cdn.myanimelist.net/images/anime/9/2753.jpg"
1382,"https://cdn.myanimelist.net/images/anime/1187/132740.jpg"
1383,"https://cdn.myanimelist.net/images/anime/9/50035.jpg"
1384,"https://cdn.myanimelist.net/images/anime/12/78948.jpg"
1385,"https://cdn.myanimelist.net/images/anime/1025/113167.jpg"
1386,"https://cdn.myanimelist.net/images/anime/1344/113171.jpg"
1387,"https://cdn.myanimelist.net/images/anime/9/27717.jpg"
1388,"https://cdn.myanimelist.net/images/anime/10/44273.jpg"
1389,"https://cdn.myanimelist.net/images/anime/12/4975.jpg"
1390,"https://cdn.myanimelist.net/images/anime/1267/111778.jpg"
1391,"https://cdn.myanimelist.net/images/anime/1369/94603.jpg"
1392,"https://cdn.myanimelist.net/images/anime/1686/117415.jpg"
1393,"https://cdn.myanimelist.net/images/anime/7/4085.jpg"
1394,"https://cdn.myanimelist.net/images/anime/1344/93011.jpg"
1395,"https://cdn.myanimelist.net/images/anime/6/29342.jpg"
1396,"https://cdn.myanimelist.net/images/anime/1957/106760.jpg"
1397,"https://cdn.myanimelist.net/images/anime/1740/98831.jpg"
1398,"https://cdn.myanimelist.net/images/anime/1099/97289.jpg"
1399,"https://cdn.myanimelist.net/images/anime/1514/96093.jpg"
1400,"https://cdn.myanimelist.net/images/anime/8/80064.jpg"
1401,"https://cdn.myanimelist.net/images/anime/1212/103884.jpg"
1402,"https://cdn.myanimelist.net/images/anime/1331/112073.jpg"
1403,"https://cdn.myanimelist.net/images/anime/11/57175.jpg"
1404,"https://cdn.myanimelist.net/images/anime/6/41593.jpg"
1405,"https://cdn.myanimelist.net/images/anime/8/2826.jpg"
1406,"https://cdn.myanimelist.net/images/anime/8/24131.jpg"
1407,"https://cdn.myanimelist.net/images/anime/3/62803.jpg"
1408,"https://cdn.myanimelist.net/images/anime/2/7582.jpg"
1409,"https://cdn.myanimelist.net/images/anime/4/71648.jpg"
9958,"https://cdn.myanimelist.net/images/anime/13/29542.jpg"
9959,"https://cdn.myanimelist.net/images/anime/12/27526.jpg"
9963,"https://cdn.myanimelist.net/images/anime/9/32035.jpg"
9965,"https://cdn.myanimelist.net/images/anime/9/27552.jpg"
9967,"https://cdn.myanimelist.net/images/anime/13/27554.jpg"
9968,"https://cdn.myanimelist.net/images/anime/1555/112254.jpg"
9969,"https://cdn.myanimelist.net/images/anime/4/50361.jpg"
9970,"https://cdn.myanimelist.net/images/anime/1902/116705.jpg"
9972,"https://cdn.myanimelist.net/images/anime/7/27595.jpg"
9973,"https://cdn.myanimelist.net/images/anime/2/27631.jpg"
9976,"https://cdn.myanimelist.net/images/anime/13/27618.jpg"
9978,"https://cdn.myanimelist.net/images/anime/9/60897.jpg"
9979,"https://cdn.myanimelist.net/images/anime/12/27934.jpg"
9981,"https://cdn.myanimelist.net/images/anime/12/34045.jpg"
9982,"https://cdn.myanimelist.net/images/anime/10/65661.jpg"
9988,"https://cdn.myanimelist.net/images/anime/1055/125886.jpg"
9989,"https://cdn.myanimelist.net/images/anime/5/79697.jpg"
9990,"https://cdn.myanimelist.net/images/anime/1657/112804.jpg"
9991,"https://cdn.myanimelist.net/images/anime/7/46569.jpg"
9993,"https://cdn.myanimelist.net/images/anime/12/27645.jpg"
9996,"https://cdn.myanimelist.net/images/anime/3/77282.jpg"
9998,"https://cdn.myanimelist.net/images/anime/6/27716.jpg"
9999,"https://cdn.myanimelist.net/images/anime/4/32455.jpg"
